id,username,email,password_hash,full_name,user_type,group_token,age,age_group,gender,profession,address,city,preferred_language,phone,dob,created_at,privacy_consent,data_retention_months,app_analytics_allowed,is_active
1,hernan8952,ricojesus@example.net,5a836fc30358d3ec,王桂兰,individual,,71,55_plus,Non-binary,Software Engineer,"59, chemin de Dupuy",Paris,German,9185101474,1961-04-24,2025-12-27 22:22:13,True,6,True,True
2,edith5025,guenterbinner@example.org,d6d6a1101ce1d255,Annette Knapp,individual,,62,55_plus,Non-binary,Teacher,0864 Lisa Stravenue,New York,English,05680273438,1989-02-02,2026-01-08 11:23:21,True,6,False,True
3,barthelemystephane54,gotthilfjunken@example.net,59fe8c3da5fc26de,Glauco Fortuny-Salvà,family,FDAA52B1,33,18-35,Male,Doctor,20/23 सरला राव,Cape Town,German,00220 961816,1987-06-25,2025-09-17 10:04:46,True,6,True,True
4,nurayhornich66,meyerconstance@example.net,a6c9772a3bc34edd,Joel Gimenez-Lasa,family,FDAA52B1,39,36-55,Male,Student,859 Wilson Common,Sydney,German,023-55404201,1959-05-18,2025-10-01 11:10:33,True,6,True,True
5,romuald2759,vwilliams@example.org,6a05e6314c678de1,翟军,family,FDAA52B1,27,18-35,Non-binary,Artist,张路q座,Mumbai,Mandarin,18221964099,1962-05-22,2026-01-11 00:47:40,True,6,False,True
6,vrony-caudhrii69,sdu@example.com,bc36a30e2c8060f4,Kimberly Love,family,FDAA52B1,38,36-55,Female,Software Engineer,48 मालिक,Paris,Hindi,+34 942934112,1994-11-07,2025-09-06 19:53:18,True,6,False,True
7,traav60,azaharavillaverde@example.com,ca29c8806683c391,पद्मावती श्रीवास्तवजी,family,FDAA52B1,37,36-55,Non-binary,Doctor,77536 Morales Lakes Suite 930,Paris,German,+34 866 97 87 52,2007-09-16,2025-10-12 11:02:12,True,6,False,True
8,huangping82,cemaldoering@example.com,087ac9d7b3f726ad,Dionisia Beltrán Aramburu,family,FDAA52B1,15,under_18,Non-binary,Student,Pasaje de José Ángel Iniesta 506 Piso 1 ,London,German,+34986745175,1953-09-24,2025-12-24 22:05:33,True,6,False,True
9,mayoraljavier39,patricia71@example.com,83e4345a999e7747,覃军,family,FDAA52B1,26,18-35,Female,Software Engineer,5948 Spencer Parkways,Cape Town,English,0422616550,1969-05-31,2025-12-25 12:51:13,True,6,False,True
10,ankitaa4563,jhaamaalaa@example.org,f6d8eaa002e8b114,Carl Kelley,family,FDAA52B1,20,18-35,Non-binary,Retired,汕尾街z座,London,Mandarin,044-47620253,1973-08-05,2025-12-31 16:13:14,True,6,True,True
11,colinclaire82,matthewguerrero@example.net,41979c5e25e88dbc,师婷婷,individual,,72,55_plus,Male,Retired,Paseo Cándida Escolano 39,Tokyo,Hindi,+49 (0) 2821 328151,1945-05-10,2025-10-15 13:32:54,True,6,True,True
12,qiangsu42,rbaker@example.org,34aa3c256306ee0d,Heinfried Koch II-Rörricht,individual,,63,55_plus,Prefer not to say,Homemaker,Agata-Ortmann-Allee 438,London,Spanish,05448701147,1998-04-13,2025-12-23 09:25:49,True,6,False,True
13,perezandrea97,panjing@example.org,81d8c5bb3a53c3e2,सम्मानसूचक इन्द्रजित गोयल,family,2D203DE7,91,55_plus,Male,Retired,杨街t座,Paris,Hindi,+34926 37 73 57,1970-03-20,2026-01-21 10:25:00,True,6,False,True
14,alfred8239,cndrkaant40@example.net,a9ca25d962430c40,Frédérique de Perez,family,2D203DE7,71,55_plus,Male,Retired,1250 मित्रा,Berlin,Mandarin,01355 258961,2000-12-30,2025-10-11 13:06:37,True,6,True,True
15,jainaabhaa43,subhaasstaambe@example.net,846a9f77d9e6a90e,张玉,individual,,55,36-55,Prefer not to say,Business Owner,5914 King Stravenue,Mumbai,German,+34 954 02 36 48,1989-10-17,2025-09-18 01:56:53,True,6,True,True
16,rudolphsonguel10,scheeldamaris@example.net,5ee765f98e3d554c,Monique de la Bouchet,individual,,16,under_18,Non-binary,Student,72/538 नंद मालिक,Tokyo,French,04357297688,1991-09-23,2025-09-21 10:35:58,True,6,True,True
17,ptorre71,ghecker@example.org,e8dd05e431fcba51,Daniel Bègue-Vincent,individual,,46,36-55,Non-binary,Retired,Ronda Petrona Tejada 7,Tokyo,Hindi,+91 5132331065,1976-06-08,2025-09-15 09:12:12,True,6,False,True
18,nrendrpaannddey40,yhartung@example.com,bd73e8b06381ee6e,Wanda Langern,individual,,41,36-55,Prefer not to say,Software Engineer,Sauerring 9/5,Paris,English,+49(0)4765 05981,1978-04-23,2026-01-02 22:23:53,False,6,True,True
19,alexandreanais94,gkdm@example.net,c487c0643fdaf0c1,Hilda Langern MBA.,individual,,40,36-55,Female,Homemaker,"36, avenue Sophie Moreno",Sydney,Mandarin,15289647644,1968-06-28,2025-09-30 21:46:33,True,6,False,False
20,enverbarkholz66,xiulan30@example.com,cfc27ced4eccbd86,Alex Barnes,individual,,29,18-35,Male,Teacher,5078 Mary Well Apt. 642,New York,Hindi,600.921.4507x40576,1953-11-28,2025-09-20 13:04:41,True,6,False,True
21,aranadanilo39,duhameldanielle@example.com,8723e25ad9514837,Evangelina Torralba Clemente,individual,,23,18-35,Male,Student,Möchlichengasse 31,Paris,Spanish,0147611682,1962-12-25,2025-10-26 01:57:36,False,6,True,True
22,jennifermiller65,tprsaad@example.net,5d84313080a8c504,Renée Lejeune,family,FCE01A43,74,55_plus,Male,Business Owner,Elif-Preiß-Ring 8300,Paris,Hindi,712.844.7729x338,1946-04-08,2025-12-01 20:54:44,False,6,True,True
23,linda6376,oceane09@example.org,21a28ef8e40b453d,Tere Torres,family,FCE01A43,75,55_plus,Prefer not to say,Retired,胡路V座,Sydney,Mandarin,+91 9201475175,1970-01-18,2025-08-27 16:03:33,True,6,False,True
24,francisca5848,sriinanusskaa@example.net,4a9f4961943f14ac,Breanna Velazquez,family,FCE01A43,85,55_plus,Prefer not to say,Student,"234, chemin de Dos Santos",Cape Town,Spanish,+33 3 56 62 49 69,1982-04-17,2026-01-14 00:25:14,False,6,True,True
25,utorres33,riitikaareddddii@example.com,463bb35966f77aac,Manola Quintero-Ortiz,individual,,58,55_plus,Non-binary,Teacher,Vial Diana Corominas 75,Sydney,French,0790718469,2001-08-08,2025-11-11 19:38:34,True,6,True,False
26,nathaliekroker30,nicholas78@example.com,99332d782fda8227,Gundula Beyer,individual,,71,55_plus,Prefer not to say,Retired,Gertzweg 3/3,Berlin,Spanish,07874553265,1991-06-11,2025-11-21 18:13:08,False,6,False,True
27,nama32,mahejules@example.com,28c3fd548929fa1b,Klemens Zobel,individual,,59,55_plus,Male,Artist,69/54 अवन्ती जेटली,New York,German,13904708002,1990-12-14,2025-09-29 13:45:42,True,6,True,True
28,macarenacornejo28,nicole43@example.net,88a97805831c3701,王桂芝,individual,,63,55_plus,Female,Doctor,邯郸街x座,London,Hindi,7952704983,1965-12-04,2025-09-30 14:31:32,True,6,True,True
29,christopheweber87,leocadia78@example.net,70e6a970998b74bc,Otilia Blanca Madrigal,individual,,75,55_plus,Non-binary,Doctor,74255 Mary Stream Suite 730,Mumbai,Hindi,+33 2 21 78 13 42,1981-06-04,2025-09-13 09:21:15,True,6,False,True
30,ykraus94,mnniindr45@example.net,5ecb6e392378f11e,李强,individual,,30,18-35,Prefer not to say,Doctor,13711 Harris Street Suite 257,Sydney,English,15698163651,1990-11-02,2025-09-05 15:43:50,True,6,True,True
31,mingkong40,lacroixanne@example.com,20b38b051cd9540c,María Del Carmen Corral Amores,individual,,84,55_plus,Female,Software Engineer,427 Donald Summit,Paris,Spanish,+34803 53 40 72,2011-08-21,2025-12-21 09:21:33,False,6,True,True
32,hoefigalberto25,timothee14@example.org,a71e2f38bac11746,Trini Palomino-Caro,individual,,48,36-55,Non-binary,Retired,嘉禾路Q座,Tokyo,Mandarin,+49(0)7228 676975,1961-01-15,2025-12-16 16:25:11,True,6,True,True
33,guiying5898,jing69@example.com,5ee28ebd4109a252,曾云,individual,,32,18-35,Non-binary,Teacher,张街G座,Mumbai,English,+91 943 9672498,1987-10-19,2025-11-29 23:40:58,True,6,True,False
34,saahaaarunn31,hugoroht@example.org,11125a1c33c1533b,李志强,individual,,58,55_plus,Female,Retired,Wilhelm-Kambs-Allee 25,Mumbai,Spanish,+34982 08 56 64,1989-04-04,2026-01-01 02:22:49,True,6,True,True
35,indrjit9375,dvivediiprnnv@example.net,a30619c308d80e19,薛婷,individual,,69,55_plus,Male,Doctor,梧州街h座,Berlin,French,14528014550,1971-02-21,2025-09-01 01:03:03,True,6,True,True
36,monica9556,cabellotomasa@example.com,585449c5f55b0df4,Amy George,individual,,27,18-35,Male,Homemaker,Andrzej-Segebahn-Ring 44,Sydney,German,+34986444428,1997-09-01,2026-01-14 00:50:14,True,6,True,True
37,baehrclaudio72,brownspencer@example.net,0c4b572bcf82131e,अमिता सुब्रमण्यम,family,12573E6D,26,18-35,Prefer not to say,Teacher,boulevard Céline Guillot,Cape Town,French,+34974 292 708,1984-10-05,2026-01-08 02:47:12,True,6,False,True
38,eliselevy69,henrilagarde@example.org,3e6f3345ea160c9c,Zachary Hebert,family,12573E6D,44,36-55,Non-binary,Teacher,Angelo-Wulff-Straße 9/9,Mumbai,German,+34 887284508,2012-01-23,2026-01-03 02:46:02,True,6,True,True
39,gangsu19,mohiniiprdhaan@example.com,0b1601f59cfae13e,Manon Mace-Chauvet,family,12573E6D,23,18-35,Non-binary,Student,Cuesta de Natalia Bonilla 45,Cape Town,Mandarin,+49(0) 411818899,1992-10-12,2025-11-01 14:55:06,True,6,False,True
40,emiliano1082,hlong@example.net,fbd4b8fd6280ec69,दर्शना गुहाजी,family,12573E6D,19,18-35,Female,Doctor,天津街l座,London,Mandarin,+49(0)9585 19349,1973-11-22,2025-10-27 10:31:03,True,6,True,True
41,corinnelambert21,rseidel@example.net,ff63d2c6db1f4353,Jonathan Zuniga,family,12573E6D,35,18-35,Male,Student,Camino de Mónica Gargallo 584 Puerta 8 ,Sydney,Spanish,+34 820525920,1980-01-23,2025-10-19 21:53:28,False,6,False,True
42,natalia7714,williamsmark@example.net,1dd7fd81f615dd16,Dr. Mirko Cichorius B.Eng.,family,12573E6D,36,36-55,Female,Teacher,rue Lucas Fernandez,Cape Town,Hindi,13411938966,1968-01-17,2025-10-20 15:36:49,True,6,True,True
43,hipolitomorcillo94,liilaacodhrii@example.org,4767917432f18d1c,Raymond Le,family,12573E6D,29,18-35,Non-binary,Business Owner,Schülerallee 857,New York,Mandarin,+34 983 438 449,1977-12-20,2026-01-03 09:17:06,True,6,False,True
44,ymontalban65,louis56@example.net,1f48df5139141339,Simone-Valérie Germain,individual,,47,36-55,Female,Student,"91, boulevard Alix Dupont",Paris,French,+33 (0)3 20 06 01 99,1959-07-15,2026-01-06 22:34:20,False,6,True,True
45,sauch-schlauchin33,montserratguitart@example.com,9e05a3f785f1a625,Françoise Jacquet,individual,,58,55_plus,Female,Software Engineer,宜都路X座,London,Mandarin,+49(0)1352 22806,1983-01-14,2025-09-13 12:52:19,True,6,True,True
46,brumaria15,nerea99@example.org,3e008cb517b98773,Prof. Gülay Haase B.A.,individual,,67,55_plus,Female,Software Engineer,Ricardo-Pärtzelt-Allee 617,Berlin,Mandarin,+33 (0)1 39 25 89 42,2011-12-02,2025-10-22 13:23:44,True,6,False,True
47,nicholas8713,uferrando@example.net,dd0d560eb4532253,Étienne de la Rivière,organisation,BF9294F7,48,36-55,Male,Doctor,Paseo Olimpia Cerro 81,Berlin,German,18634300474,1958-03-08,2025-10-21 15:40:32,True,6,True,True
48,leon4825,hgertz@example.com,4d7c2fb81e1ee63d,黄冬梅,organisation,BF9294F7,49,36-55,Prefer not to say,Business Owner,"43, avenue Joly",New York,English,13456817873,2002-01-14,2025-10-28 05:58:18,True,6,False,False
49,peronphilippe70,loboprbhu@example.com,71fc5fe468fa1c9e,गोविंदा मल्होत्राजी,organisation,BF9294F7,41,36-55,Non-binary,Retired,1 वर्मा,Paris,Mandarin,+34 902 267 276,1971-07-16,2025-09-09 11:40:23,True,6,False,True
50,ypons32,friedhelmstolze@example.net,9686279e8f4d1624,Annette Thomas,organisation,BF9294F7,54,36-55,Non-binary,Retired,Alameda de Araceli Zaragoza 68,Mumbai,Spanish,02761 911768,2000-08-12,2025-12-29 14:44:33,True,6,True,True
51,svitraahuujaa67,dukebrian@example.net,848264c3265ab757,Luis del Almazán,organisation,BF9294F7,49,36-55,Prefer not to say,Doctor,02177 Michael Wall Suite 201,Mumbai,German,390-720-0370,1990-12-24,2025-08-30 06:51:44,True,6,False,True
52,ritterxaver22,davidnguyen@example.com,4f8241fbb31adf8a,Eduardo Grau Leiva,organisation,BF9294F7,33,18-35,Non-binary,Retired,西宁街s座,Tokyo,Hindi,+33 1 48 01 38 19,1972-08-05,2025-09-27 17:45:02,False,6,False,True
53,raam7676,benjamindias@example.org,03d9a74381a4568c,Ing. Harro Gunpf MBA.,organisation,BF9294F7,37,36-55,Male,Artist,"3, boulevard de Lombard",New York,Spanish,0182466296,1956-06-19,2025-10-29 02:14:39,True,6,False,True
54,poiriercatherine40,dhnnyjysinhaa@example.org,b0526e5515bd267e,李斌,organisation,BF9294F7,43,36-55,Non-binary,Teacher,曹路r座,Mumbai,German,+1-304-970-3215x052,1983-12-26,2025-12-16 14:13:54,True,6,True,True
55,rcnaa5378,jyntii92@example.com,20b04c4cd218406b,Ámbar Alcalá Garrido,organisation,BF9294F7,44,36-55,Female,Student,Vial Soledad Torrecilla 12 Apt. 88 ,Mumbai,Mandarin,+34849 75 84 05,1991-01-07,2025-10-13 08:19:58,True,6,True,True
56,romansteven98,augustdrewes@example.net,7908b599e5b69f8d,Franck-Yves Fleury,organisation,BF9294F7,55,36-55,Male,Retired,2661 Ramirez Island Suite 573,Mumbai,German,+33 2 50 36 45 60,1951-11-08,2025-09-18 11:06:07,True,6,True,True
57,puertacalisto91,dos-santosjeannine@example.com,52c43fc9941f146e,Chad Anderson,organisation,BF9294F7,52,36-55,Prefer not to say,Homemaker,Scholzring 1535,Mumbai,Hindi,001-327-980-9565x1901,1942-01-20,2025-12-01 19:00:55,True,6,True,True
58,gsoelzer53,reneeclark@example.org,73010dd9a4684a8a,Alcides Cuenca Barba,organisation,BF9294F7,28,18-35,Prefer not to say,Student,Friedl-Röhrdanz-Weg 2,New York,Hindi,14595005274,1970-03-17,2025-10-05 20:39:35,False,6,False,False
59,arifschomber25,vlei@example.org,1104f2c06cb63eb6,冯丹丹,organisation,BF9294F7,52,36-55,Male,Artist,"240, rue de Normand",Cape Town,Spanish,15149859556,1972-11-21,2025-10-18 05:22:12,False,6,True,True
60,fnguyen48,julie82@example.com,da0cb5f18af9bbfe,Jamie Soto,organisation,BF9294F7,56,55_plus,Female,Homemaker,01513 Samantha Pine Suite 392,New York,Mandarin,+33 4 93 25 81 40,1989-05-05,2025-09-03 23:01:28,True,6,True,True
61,fzhao11,bhaartbhtt@example.org,42c4fb007fea9dee,Jose Antonio Contreras Conde,organisation,BF9294F7,42,36-55,Male,Doctor,Benno-Weitzel-Allee 7/2,Tokyo,German,+34 843905011,1988-11-25,2025-10-03 01:51:19,False,6,False,True
62,bchambers73,trudel70@example.org,4573c98c9035177d,Mary Mangold-Geisler,organisation,BF9294F7,26,18-35,Female,Student,196 Tate Circle,Sydney,Spanish,07530 683243,2012-04-27,2025-10-11 09:09:32,False,6,True,True
63,jose-luis6629,dguhaa@example.com,5b3ec63677d74ea9,Balduino Bonifacio Menendez Carreras,organisation,BF9294F7,37,36-55,Male,Software Engineer,9134 Debra Summit,New York,Hindi,(921)412-5013x21097,1957-10-20,2025-09-17 13:45:55,False,6,False,True
64,gurungraavnn69,bernadettealves@example.net,5d78bae07e0dca85,Holly Bishop,organisation,BF9294F7,56,55_plus,Non-binary,Student,Sontagstr. 68,Tokyo,Hindi,+33 (0)2 62 15 00 09,1983-10-28,2025-08-29 16:12:49,True,6,True,True
65,cristian4927,atzlerromy@example.com,acbec03d450349a5,Kyle Oliver,organisation,BF9294F7,39,36-55,Male,Teacher,Urbanización de Merche Cuervo 33 Puerta 5 ,Paris,Hindi,(796)835-6207,1960-07-11,2025-12-26 19:51:57,True,6,True,True
66,sushiil8277,erinmoran@example.com,9688139007b17743,谭静,organisation,BF9294F7,36,36-55,Male,Doctor,六安路a座,Sydney,German,06741096605,1985-05-08,2025-09-17 04:30:09,True,6,True,True
67,jingye51,lsauer@example.org,c5c948d6e1358a73,Roderich Scheuermann-Jacob,individual,,24,18-35,Prefer not to say,Artist,50/78 नाथ,London,French,+91 542 8427217,1989-01-28,2025-11-17 17:16:04,True,6,False,True
68,jie7894,urngn@example.org,c8457a86a3f3ca1c,Edmundo Elías,individual,,58,55_plus,Female,Artist,2/5 आनन्द ताम्बे,Mumbai,Mandarin,13280143345,1971-08-13,2025-11-15 16:54:01,True,6,True,True
69,zmlhotraa90,jmillet@example.net,86c6aaad8e6771e9,Gala del Peinado,individual,,48,36-55,Male,Retired,李路n座,Berlin,Mandarin,13617317412,1952-12-29,2026-01-01 22:05:46,True,6,True,False
70,gang2465,rhu@example.net,92eb35175c80ac2e,शनि चोपरा,organisation,E5076776,13,under_18,Male,Student,张路B座,Berlin,French,+49(0) 432889719,1943-03-28,2025-09-08 21:05:05,True,6,False,True
71,louisadrienne36,kiragraf@example.com,c6e89c7650c9ae76,Joseph Adams,organisation,E5076776,19,18-35,Male,Retired,Stefania-Kohl-Straße 75/81,London,Spanish,001-845-432-2738,1953-05-10,2025-09-03 20:06:52,True,6,False,True
72,corey6326,gottfriedthanel@example.net,9b83bfbd657ee478,Paula Köhler,organisation,E5076776,30,18-35,Prefer not to say,Homemaker,Paseo Sofía Seguí 11,Mumbai,Spanish,+49(0) 696163153,1986-09-17,2025-08-27 07:54:11,True,6,False,True
73,linaresencarnacion56,constance55@example.com,9887ae47925aca0f,Aleksandr Schuster,organisation,E5076776,41,36-55,Prefer not to say,Homemaker,Nelli-Wieloch-Gasse 8/1,New York,French,15580791773,1979-10-08,2025-11-15 04:48:11,True,6,True,True
74,gauthierjosephine63,speerannie@example.org,0c4185395a3f1e34,आदरसूचक मुकेश नारायण,organisation,E5076776,33,18-35,Non-binary,Software Engineer,6/7 माधवी जैन,Paris,French,18799198567,1949-11-11,2025-10-04 04:46:10,True,6,True,True
75,haneykaren31,denisemarion@example.com,d99668a148f3b21a,Amélie Martin de la Bodin,organisation,E5076776,17,under_18,Female,Student,01/169 घोष,New York,Mandarin,15238594451,1979-08-19,2026-01-19 15:16:44,True,6,False,False
76,reddddiisrlaa68,xiulan92@example.org,3a1f2773e1773b15,Edgardo Casares Noguera,organisation,E5076776,30,18-35,Female,Student,4349 लोबो,Mumbai,Hindi,14566680346,1981-08-03,2026-01-03 10:52:28,True,6,False,True
77,obaena96,xcauhaan@example.com,4b9697e5799bfd52,Magret Stolze,organisation,E5076776,37,36-55,Male,Business Owner,Acceso Úrsula Gutiérrez 89 Apt. 83 ,Berlin,English,13151408470,1963-11-14,2026-01-06 11:53:12,True,6,False,True
78,klara2815,hbos@example.net,896e12c60972abe0,Yves de Arnaud,organisation,E5076776,38,36-55,Prefer not to say,Business Owner,174 परवीन तमांग,London,Mandarin,15363848378,1998-09-29,2025-12-15 04:19:13,False,6,True,False
79,lourdesvara54,sieringsigmar@example.org,f588390ba84ea55c,Nath Hernandez,organisation,E5076776,34,18-35,Non-binary,Artist,avenue de Ribeiro,Mumbai,Mandarin,0423297534,1976-04-24,2025-09-28 07:59:12,True,6,False,False
80,alfaroanibal99,iblankenship@example.net,37ba9ae87a6bd6ce,मुक्ता तमांगजी,organisation,E5076776,23,18-35,Male,Retired,田街E座,Tokyo,Hindi,+33 4 97 27 37 78,1948-04-25,2025-10-09 16:14:57,True,6,False,True
81,xavier3018,scin67@example.com,2b07c03a2c27e815,朱佳,organisation,E5076776,39,36-55,Prefer not to say,Teacher,095 आचार्य,Tokyo,Mandarin,18692723389,1967-01-01,2025-10-31 18:29:07,True,6,True,True
82,gang4921,oceanelegendre@example.net,f7a87f932d09966b,Steven Johnson,organisation,E5076776,33,18-35,Female,Student,Filippo-Otto-Ring 4420,Paris,English,0668806080,1944-01-29,2025-10-18 18:31:04,True,6,False,True
83,uclavero53,yangkellie@example.com,2132605bb99f9649,张博,individual,,19,18-35,Male,Software Engineer,742 थापा,Paris,German,059-14930998,1989-05-01,2025-12-17 12:12:24,True,6,False,True
84,droerricht21,nelly42@example.com,363aa597e623fb6d,Martine-Charlotte Devaux,individual,,19,18-35,Prefer not to say,Teacher,Cañada Roldán Carbó 4,New York,English,981-993-7154x117,1949-10-08,2025-09-27 03:26:02,True,6,False,True
85,jkeudel34,fmercier@example.net,f6d6bfe2af31f5f8,Rotraut Hübel-Börner,individual,,31,18-35,Male,Homemaker,"15, chemin Hugues Delmas",Sydney,French,13214143606,1966-07-13,2026-01-16 03:35:50,True,6,True,True
86,hshi94,jiedeng@example.com,059366c61ec9def8,李晶,individual,,22,18-35,Female,Homemaker,Heserweg 904,Sydney,Mandarin,0367165732,1993-02-06,2026-01-12 15:24:02,True,6,True,True
87,dnohlmans61,sabina93@example.net,8a86cb438f1fa289,Corinne Boyer,family,46C9B16B,42,36-55,Female,Business Owner,Glorieta Reynaldo Acosta 2 Apt. 56 ,Berlin,Mandarin,0899562747,1978-10-31,2025-12-12 03:01:16,False,6,True,True
88,ibayona25,clarisauria@example.net,2a256a4e0d9188a4,Renée Weiss-Potier,family,46C9B16B,53,36-55,Female,Software Engineer,Cañada de Encarnacion Borrell 5 Piso 9 ,Cape Town,Spanish,+34827404870,1981-09-18,2025-10-07 21:23:22,True,6,True,True
89,dmishraa74,ilaayaadv@example.net,b2ac8536baf3262a,Cathy Mendoza,individual,,36,36-55,Male,Student,Kazim-Hettner-Weg 3/7,Tokyo,Mandarin,0214762518,1981-12-03,2025-11-07 14:16:52,False,6,True,True
90,fbaker85,amychapman@example.net,fbcb9596ba4ad46b,Andrée du Petit,individual,,31,18-35,Prefer not to say,Homemaker,Callejón de Ruben Vega 7 Puerta 8 ,Cape Town,Mandarin,+49(0)8749 32328,1988-04-30,2026-01-21 02:30:07,True,6,True,True
91,cohencatherine65,john29@example.com,69e75a79f9688ffa,कुमारी मिश्राजी,individual,,13,under_18,Prefer not to say,Student,Elwira-Birnbaum-Gasse 81/10,New York,Mandarin,001-745-264-6498x1368,2005-07-07,2025-12-26 05:56:56,True,6,True,True
92,edelmira3574,jessica62@example.org,a45fa7e1cc600fa6,Brian Wells,individual,,64,55_plus,Non-binary,Software Engineer,黄路b座,Cape Town,Hindi,+49(0)1578 026401,1952-03-17,2025-09-18 19:19:37,True,6,False,True
93,imarty39,gabrielmonnier@example.net,0cbd3e0b07b87f59,Cheryl Walker,organisation,1230489F,85,55_plus,Non-binary,Student,Zirmegasse 20,Paris,Hindi,+33 5 31 45 06 90,2002-01-26,2025-09-04 11:11:27,False,6,True,True
94,prdhaanmaaltii16,ramospaulino@example.net,dfa35914356391e3,Melinda Archer,organisation,1230489F,84,55_plus,Female,Software Engineer,Plaza de Evangelina Soriano 380 Apt. 97 ,Mumbai,English,0389558260,1993-09-04,2025-10-03 06:57:09,True,6,False,True
95,guptaazsvinder56,ibastida@example.com,38262aa4f74dfd5c,Kristin Malone,organisation,1230489F,89,55_plus,Prefer not to say,Software Engineer,淮安路x座,London,German,792-436-4782,1983-01-31,2025-10-25 15:27:58,True,6,True,True
96,claudia4726,le-gallaudrey@example.com,457e0719ad2206eb,Nicolas Ferreira,organisation,1230489F,82,55_plus,Female,Business Owner,"59, chemin Nathalie Delorme",London,German,965.876.8611x7911,1988-07-15,2025-12-07 05:30:50,True,6,True,True
97,raimundocorrea47,rfouquet@example.com,be35262ca4c76b15,Herberto Rivera Vergara,organisation,1230489F,93,55_plus,Female,Teacher,"45, rue Jules Mary",Mumbai,French,0390286137,1963-09-18,2025-09-17 05:44:45,True,6,False,True
98,philippevallee11,mingjiang@example.org,573d5d9defc12735,赖秀荣,organisation,1230489F,93,55_plus,Non-binary,Student,"98, boulevard de Rousseau",New York,French,3425217586,1979-06-14,2025-11-09 09:06:10,False,6,False,True
99,xadler91,loweemma@example.com,691215dac365eb44,Auguste Leblanc,organisation,1230489F,82,55_plus,Non-binary,Business Owner,Wally-Wulf-Straße 4,Tokyo,Hindi,+1-249-786-5131,1950-01-23,2026-01-09 16:17:30,False,6,False,True
100,rngraajnshrii35,agathe06@example.org,847f6a29beb7fca7,Raymond Gaudin,organisation,1230489F,90,55_plus,Female,Teacher,Cañada Rafael Pizarro 43,Tokyo,Hindi,13072175927,1972-12-10,2025-09-07 18:44:10,True,6,True,True
101,nruppert59,wei31@example.org,69eb808d41ad36bd,Wibke Klapp,organisation,1230489F,94,55_plus,Female,Student,"764, boulevard Bailly",Berlin,English,+91 140 5659784,2013-01-28,2025-11-24 08:38:29,False,6,True,True
102,na9648,julienguillaume@example.net,e6280027164213a4,Prof. Gregor Reising B.Eng.,organisation,1230489F,86,55_plus,Non-binary,Artist,Strohstraße 25-79,New York,Spanish,03425 466009,1963-03-22,2025-08-29 09:05:01,False,6,False,False
103,berit2952,schoenlandgert@example.net,d3de1bbbbfc026df,Jeffrey Lynch,organisation,1230489F,77,55_plus,Female,Retired,"35, chemin de Salmon",New York,French,+33 5 31 33 51 12,1945-07-11,2025-11-27 03:58:52,True,6,False,True
104,fzobel72,yanlei@example.net,e8164041ce3fedad,प्रणव मुख़र्जी,organisation,1230489F,64,55_plus,Prefer not to say,Doctor,86/204 दिव्या दास,Berlin,Mandarin,01 55 19 78 18,1945-01-10,2025-10-12 00:40:38,True,6,False,True
105,sheliamurray57,melissaconway@example.com,551222d10399389e,नेहा कपूर,organisation,1230489F,83,55_plus,Prefer not to say,Doctor,7661 Ruiz Pines,Sydney,Mandarin,15279150915,1969-12-31,2025-11-06 11:51:43,True,6,True,True
106,kellythomas52,eleonore32@example.net,8011b33efd18a51d,Dr. Magret Schäfer,organisation,1230489F,64,55_plus,Male,Artist,Peukertstr. 892,Mumbai,Mandarin,15337181673,1977-02-13,2025-10-04 01:10:25,False,6,True,True
107,ming0258,claireguerra@example.org,9cd1912db197d050,सम्मानात्मक मनीश चटर्जी,organisation,1230489F,86,55_plus,Prefer not to say,Software Engineer,李街K座,Paris,Spanish,+34 980 56 09 82,1994-09-19,2025-10-27 08:04:58,True,6,True,True
108,hillerchristos46,soedinghansjoerg@example.org,4ba6d1a39c9b9e90,Marian Hübel,organisation,1230489F,85,55_plus,Male,Retired,"47, chemin Roger Rolland",London,Mandarin,03 73 03 12 35,1947-10-17,2025-10-31 11:34:37,True,6,True,True
109,wgrondin55,kirnn17@example.net,6940a5d38a29c2cf,钱霞,organisation,1230489F,90,55_plus,Male,Homemaker,Lisa-Stadelmann-Allee 97/60,London,Hindi,0360348206,1951-03-23,2025-10-18 08:36:16,True,6,False,True
110,saeuberlichkarla24,washingtondenise@example.org,ab07894d9f2cd033,Margot Merle,organisation,1230489F,83,55_plus,Prefer not to say,Student,Urbanización de Ámbar Peralta 689 Apt. 80 ,Tokyo,French,03625 362896,1999-08-25,2025-11-22 11:53:34,True,6,False,True
111,cobosjorge80,iwang@example.net,2717648558262753,Xavier Lévêque de la Blondel,family,7494BB00,44,36-55,Prefer not to say,Student,"82, rue Sabine Martinez",New York,French,+33 (0)3 86 26 91 80,1973-10-26,2026-01-01 04:36:15,True,6,False,True
112,colladosantiago95,gudeingo@example.com,a1efec966f581ab5,Kara Miller,family,7494BB00,44,36-55,Prefer not to say,Homemaker,修街f座,New York,German,+49 (0) 5629 825424,1944-02-17,2025-11-04 23:35:11,False,6,True,True
113,benaventefelipe23,aadity46@example.com,0b94cd7462b339a1,Janko Gieß,individual,,79,55_plus,Non-binary,Homemaker,Pasaje Imelda Andrés 5,Cape Town,Hindi,724-240-7747x75598,1985-02-24,2025-11-08 14:06:02,True,6,False,True
114,jyendr5979,stian@example.com,477c0b37447e59dd,Cloe Jódar-Cañas,individual,,40,36-55,Non-binary,Business Owner,34/378 सेन,Paris,Mandarin,+91 0941109158,1950-01-19,2025-10-10 18:04:36,True,6,False,True
115,dorothee2871,ruiztimothee@example.org,250c29b3699b0619,सम्मानात्मक शशि भटनागर,individual,,69,55_plus,Non-binary,Teacher,9963 दुत्ता,Berlin,Mandarin,648.783.8577,1980-09-23,2025-09-06 05:52:26,True,6,True,False
116,flouis36,adelinaflores@example.org,0449695fd115e68d,Gabriel Berthelot,individual,,18,18-35,Prefer not to say,Student,佛山路I座,Berlin,English,13055821408,1961-03-16,2025-11-17 13:13:53,True,6,True,True
117,sonl0272,arundhtii00@example.org,62a6818806cb1afd,Stephan Köster,individual,,43,36-55,Male,Doctor,"12, chemin Vincent",Paris,German,14541833803,1983-11-27,2025-09-07 16:05:50,True,6,True,True
118,alfred1925,wangxiulan@example.com,d77792c559cc8612,Prof. Carola van der Dussen MBA.,individual,,52,36-55,Non-binary,Homemaker,26 लीला प्रसाद,Mumbai,Mandarin,+91 7096797315,1954-10-30,2025-12-18 02:09:24,True,6,False,False
119,qraav70,ptivaarii@example.org,2de2fb5e63b9248e,Prof. Peggy Biggen,individual,,74,55_plus,Female,Homemaker,"39, avenue Laurent",New York,English,15155725635,2011-10-11,2025-11-17 19:35:40,True,6,False,True
120,alejandro5517,ovrmaa@example.net,a6fbfc243307441e,आदरसूचक महात्मा गावडे,individual,,63,55_plus,Female,Business Owner,Harloffplatz 52-88,London,German,0021419255,2012-02-02,2025-09-16 23:56:49,True,6,False,True
121,taoming57,antoinemaurice@example.net,d5b6359060b8ff6f,उत्तम शुक्ला,family,61F5F1E9,18,18-35,Prefer not to say,Student,Atzlerplatz 9-4,Paris,Spanish,(06826) 25630,1950-02-03,2025-11-08 23:34:34,True,6,True,True
122,txiang94,rgosselin@example.com,3ac19540f8579b46,Luisa Barón-Carpio,family,61F5F1E9,31,18-35,Prefer not to say,Software Engineer,Calle Pacífica Belda 39,Tokyo,German,0327409224,1965-01-01,2025-09-10 17:44:18,True,6,True,True
123,maitiisiitaa95,martina95@example.net,c842656816c59c9e,सम्मानसूचक ललित तमांग,family,61F5F1E9,33,18-35,Female,Artist,4065 Harvey Cove Apt. 460,Cape Town,Hindi,04547 245675,1977-12-23,2026-01-16 22:35:22,True,6,False,True
124,emilefaivre43,senamitaa@example.net,489c43ff3c00cc53,Camille-Christiane Maury,family,61F5F1E9,18,18-35,Female,Student,"355, rue Clément",Berlin,Spanish,06549 326560,2004-08-15,2025-09-13 23:58:14,False,6,False,True
125,jose-angel2648,jaranazario@example.net,428d2a0a262d72ed,Zenon Adler,family,61F5F1E9,41,36-55,Prefer not to say,Doctor,346 रॉय चौधरी,Cape Town,French,15043952173,1967-06-01,2025-10-28 13:48:29,True,6,False,True
126,oren22,mdhur03@example.net,6a50c8b394680e52,आदरवाचक सुमती भट,individual,,82,55_plus,Prefer not to say,Retired,"9, rue Devaux",Berlin,Hindi,+34979 857 308,1964-05-25,2025-10-26 02:59:57,False,6,False,True
127,ayan93,tcorrea@example.org,028cd44117c318fb,Reni Krein B.Sc.,individual,,24,18-35,Female,Business Owner,Via de Santiago Paniagua 340 Piso 5 ,New York,German,06430758724,1961-08-22,2025-11-27 13:21:21,False,6,False,True
128,siimaamlhotraa28,andersondavid@example.org,d268ab6d10e90aad,霍凯,individual,,18,18-35,Prefer not to say,Student,Gesine-Schweitzer-Ring 77/59,Mumbai,Hindi,+1-442-534-0807x510,1991-04-15,2026-01-08 19:32:05,True,6,True,True
129,louise4516,eleonorarust@example.net,961bb6811af8ae88,杨萍,individual,,85,55_plus,Female,Teacher,Dietzring 2-5,Mumbai,Hindi,01332 094854,1950-04-05,2025-09-23 18:45:58,True,6,True,False
130,arodriguez36,mnni57@example.com,ecc2b46034fb91f7,Aristides Pons Bejarano,individual,,91,55_plus,Female,Software Engineer,Cuesta de Zoraida Guitart 51,New York,English,+49(0) 704533218,1997-05-18,2025-09-26 20:40:24,False,6,False,True
131,jingdeng90,lorraineboulay@example.org,a368769d56abe7b1,Burckhard Bruder,individual,,37,36-55,Male,Student,28 बल जोशी,London,French,001-412-805-0332x0570,1999-04-25,2026-01-09 13:57:42,True,6,False,True
132,athanasiosbohnbach23,luogang@example.org,493224fde1e8acf5,Théophile Lefèvre,family,C9E63011,18,18-35,Male,Student,朱街S座,Mumbai,Hindi,15316738291,2010-04-28,2025-12-28 09:52:37,True,6,True,True
133,devraajvenkttesn90,li23@example.org,0cd4dea7e3fd1ffa,आदरसूचक प्रदीप सरीन,family,C9E63011,31,18-35,Female,Homemaker,"18, chemin Cohen",Berlin,English,001-453-529-7830x5992,2003-12-12,2025-11-24 18:13:21,True,6,False,True
134,jeanne2044,gilbertoredondo@example.org,0bb1b6b969e8cd93,李晨,individual,,90,55_plus,Female,Teacher,Ullrichweg 96-39,New York,French,15039264005,1955-07-04,2025-09-18 09:50:55,True,6,False,True
135,taomin84,kuschhanne-lore@example.net,cccb41e3974fff95,Frau Hilde Lachmann B.Eng.,individual,,28,18-35,Non-binary,Retired,rue de Hervé,Paris,Hindi,+1-498-825-5403x89421,1981-11-13,2025-11-19 21:52:36,True,6,True,True
136,danielalexandrie16,josephine68@example.org,cf202e86ca1b0a8b,兰浩,individual,,67,55_plus,Male,Retired,38642 Montgomery Plains,Paris,Mandarin,+34984163453,1975-08-05,2025-11-20 12:35:47,True,6,True,True
137,ickrvrtii32,duna@example.com,595a31b1e1c0c9c0,Manon Grégoire,individual,,35,18-35,Non-binary,Artist,Calle Cristian Mendoza 5,Tokyo,Hindi,+91 8265920890,1953-02-25,2025-12-07 05:52:51,True,6,True,True
138,qianghou71,cruzmarissa@example.org,1b3cb94501ca3c13,Severo Becerra Paredes,individual,,22,18-35,Non-binary,Student,Bianca-Tschentscher-Ring 7748,Paris,German,+49(0)6811393040,1982-06-18,2025-09-09 22:36:18,False,6,False,True
139,nwagner67,devauxclaudine@example.net,46ee97ee33031c2d,Hilma Schäfer-Scheel,individual,,60,55_plus,Male,Homemaker,Glorieta de Isidoro Ferrándiz 83 Puerta 0 ,Paris,English,15393056932,1977-10-20,2025-10-14 01:15:15,False,6,True,True
140,tuckerjeffrey55,bellotomas@example.net,f8450f818d42a2f9,Ezequiel Ramón-Andreu,individual,,85,55_plus,Non-binary,Retired,沈阳街j座,Paris,Mandarin,+49(0) 374294186,1990-05-28,2025-10-15 23:13:55,True,6,False,True
141,arjun1753,vazquezmar@example.net,3af544157c81b666,Travis Fletcher,family,AF42170E,67,55_plus,Male,Teacher,93501 Kimberly Mountains,Cape Town,Mandarin,15727998801,1972-03-29,2025-09-25 19:05:22,True,6,True,True
142,mirko7055,thilo46@example.org,3c9c0876f50f4213,Krista Kelly,family,AF42170E,54,36-55,Male,Doctor,096 Cindy Forge Suite 752,London,Mandarin,18743851504,1990-08-03,2025-10-15 04:37:49,False,6,False,True
143,danieljacques59,gunpfhenrik@example.net,a091fb6f385030a8,सरस्वती भटनागर,family,AF42170E,74,55_plus,Female,Software Engineer,02 जैन,Berlin,French,018-74810623,1961-09-22,2025-10-25 20:28:06,False,6,True,True
144,llopismelisa91,larocheraymond@example.com,70ad796264f9087a,Heinz-Josef Siering,family,AF42170E,61,55_plus,Male,Student,chemin Roussel,Berlin,French,13781152550,1992-08-06,2025-08-30 07:41:41,True,6,True,True
145,mfan98,vbosch@example.net,985ce54c1dbeebad,Sergio Canet,family,AF42170E,64,55_plus,Non-binary,Student,Scheelallee 53-71,Cape Town,Mandarin,(07733) 603599,2001-11-27,2025-09-01 01:23:06,False,6,True,True
146,yong2557,bsuessebier@example.com,b4e478529aaa9bf5,Honoré Le Roux,individual,,61,55_plus,Prefer not to say,Teacher,Ernst-Otto-Ullrich-Ring 15/80,New York,Mandarin,02 31 97 33 25,1940-03-07,2025-09-12 23:27:17,False,6,False,True
147,rolandonavarro15,awieloch@example.com,3d855d6394993e75,Marika Krein,individual,,51,36-55,Non-binary,Teacher,"822, boulevard de Grenier",New York,Spanish,+34 902 156 677,1981-07-17,2026-01-21 08:54:20,True,6,False,True
148,edelattre69,asiimgoyl@example.com,0a454d8bf1537048,प्रसन्न कपूरजी,individual,,48,36-55,Prefer not to say,Student,Ludwig-Hartmann-Weg 6-8,Berlin,Mandarin,+34 824776925,1967-08-24,2025-09-09 23:29:39,True,6,True,True
149,yong5654,vrmaaasiim@example.org,5a653b3b0c38c3b5,王楠,family,D84CF361,36,36-55,Male,Homemaker,"2, rue Audrey Moreno",Mumbai,French,13393685184,1973-03-29,2026-01-10 06:49:31,True,6,True,True
150,johnsonkenneth44,barry63@example.com,876f1f48b7437b28,आदरवाचक जितेन्द्र बोस,family,D84CF361,13,under_18,Prefer not to say,Student,02800 Mooney Extension,Tokyo,Mandarin,+33 (0)2 54 46 68 38,1952-01-26,2025-09-18 09:29:39,True,6,False,False
151,blondelgerard99,gautiercharlotte@example.net,c01e8382bc8715ac,Thibaut Le Pruvost,family,D84CF361,22,18-35,Male,Doctor,38325 Powell Stream Apt. 078,London,Mandarin,012-25256652,1962-02-03,2025-11-05 00:15:48,True,6,False,True
152,mhraalkssmnn32,hmies@example.net,b62006593f61b0c4,Azeneth Prat Carlos,family,D84CF361,37,36-55,Non-binary,Business Owner,Steinbergstr. 5-7,Paris,German,+34 824 511 191,2013-01-08,2026-01-22 18:16:57,False,6,True,True
153,bcttrjii81,ubai@example.com,7244069c63ce3762,जौहर भरद्वाजजी,family,D84CF361,31,18-35,Female,Doctor,1668 Daniel Mission Apt. 592,Sydney,Hindi,07101322291,1988-07-28,2025-11-11 13:35:09,True,6,False,True
154,senshriipti96,xialiu@example.org,5b7b5b3d74ad8281,Léon Pelletier,individual,,59,55_plus,Female,Homemaker,汕尾街d座,London,Hindi,+34927 546 108,1985-02-25,2026-01-17 07:21:59,True,6,True,True
155,sahin8659,marcelcourtois@example.org,138c63a4f86a8565,प्रभात छेत्री,individual,,26,18-35,Male,Business Owner,avenue Thomas Munoz,Cape Town,French,+49 (0) 1747 287567,1948-11-12,2025-09-19 08:33:12,True,6,False,True
156,xiaogang36,royjeremy@example.net,40ffd7faad84b784,王桂荣,individual,,40,36-55,Female,Software Engineer,3 किरण रंगन,London,French,0235068195,1961-01-15,2025-12-01 02:23:23,True,6,True,True
157,richardrenee16,maxi05@example.org,e16eb2ba2367fb42,सम्मानात्मक अरुंधती राव,individual,,50,36-55,Female,Artist,"13, boulevard Goncalves",Cape Town,German,+49(0)6642 560038,1959-05-26,2025-11-19 18:16:59,True,6,True,True
158,sabine5419,xwalter@example.org,70a1a90cb45892af,黄萍,individual,,74,55_plus,Prefer not to say,Teacher,76/48 द्विवेदी,New York,Spanish,+34800 000 240,1961-09-23,2025-09-03 12:55:55,False,6,False,True
159,ninaharloff72,ehrhardmartin@example.com,3d334dee2b60c0d2,Ciríaco Estrada Gaya,individual,,32,18-35,Female,Homemaker,Trubinring 100,Mumbai,Hindi,008-07365307,1941-06-11,2025-11-24 12:32:43,True,6,False,True
160,maomin29,morena43@example.net,587bdf5e71ba0c05,陈小红,individual,,64,55_plus,Prefer not to say,Doctor,Pasaje de Américo Calderón 412,London,English,+1-535-243-8442x114,1971-03-16,2025-12-11 11:49:38,True,6,False,True
161,gerolf9897,ulfetzler@example.org,4cb61ae7c27b085d,Margot Tanguy,individual,,36,36-55,Female,Artist,40514 Craig Estates Suite 599,Sydney,Mandarin,011-19103969,1979-10-17,2025-12-26 06:30:23,False,6,True,True
162,alfred6951,redondodaniela@example.net,e8363df1d307436c,Salvador Medina-Andres,organisation,024E4B63,68,55_plus,Prefer not to say,Retired,Aloys-Kraus-Straße 62-94,London,German,018-32710617,1948-03-30,2026-01-16 19:46:36,True,6,False,True
163,ihoareau22,dcodhrii@example.net,8f6fb31cc6a2a8fe,吴阳,organisation,024E4B63,52,36-55,Male,Homemaker,齐齐哈尔街E座,Berlin,Hindi,+33 (0)1 73 63 02 78,2004-06-24,2025-10-19 05:34:56,False,6,False,False
164,rtnm6993,qmaalik@example.org,f4e75077340f78de,Heinrich Schäfer,organisation,024E4B63,61,55_plus,Prefer not to say,Homemaker,428 अमृता पटेल,Berlin,French,+33 5 90 45 46 61,1968-03-19,2025-11-07 04:34:21,True,6,True,True
165,alexanderperry67,aakaangkssaa55@example.com,a3359f2fbb1534cf,赵秀兰,organisation,024E4B63,73,55_plus,Prefer not to say,Student,Vial Hilda Garriga 15,Mumbai,Spanish,+49(0) 579261747,1948-06-10,2026-01-07 12:30:47,True,6,True,True
166,phoevel16,allenbrandon@example.com,95fb68897d30348c,Clotilde Fábregas Guijarro,organisation,024E4B63,65,55_plus,Non-binary,Retired,Zbigniew-Ehlert-Straße 55,New York,Mandarin,01 82 92 59 07,1997-03-21,2025-11-24 12:17:57,False,6,True,True
167,jacqueline5015,jobstgunpf@example.org,2150638ea513a718,Anaïs Marion,organisation,024E4B63,55,36-55,Prefer not to say,Artist,"98, avenue Da Costa",London,Hindi,+33 (0)3 87 73 24 12,1977-08-08,2025-09-25 17:39:19,True,6,False,True
168,horstschueler22,gtrupp@example.com,8a0b858d89872a52,Annaliese Hornig-Hesse,organisation,024E4B63,52,36-55,Male,Homemaker,Urbanización Gloria Zamora 6 Puerta 9 ,Paris,French,09249 475360,1996-12-30,2025-09-22 06:49:28,False,6,False,True
169,ajacquet97,thoralf67@example.com,69f5c38597fef054,Galo Ripoll Bermúdez,organisation,024E4B63,53,36-55,Male,Software Engineer,Austermühlestr. 52-94,Sydney,Hindi,00795 851283,2010-05-19,2025-12-31 17:19:18,True,6,True,True
170,maandiip3428,stephanedufour@example.com,c15ed72c25709d29,Ana Zimmer B.A.,organisation,024E4B63,49,36-55,Prefer not to say,Student,大冶街f座,Mumbai,French,+33 (0)2 34 11 59 15,1969-09-18,2025-10-30 01:58:45,True,6,False,True
171,shnkr3721,henni78@example.org,bb93c088351c9c56,Bibiana Lasa Pavón,individual,,47,36-55,Female,Doctor,杨街v座,Tokyo,Spanish,0466054581,1945-06-19,2025-08-29 00:44:49,True,6,True,True
172,harold2384,richard90@example.com,7e5b4f87a7d42146,许岩,organisation,8D251A0C,26,18-35,Female,Student,Cañada Luís Donoso 19,Cape Town,Mandarin,+33 (0)3 80 23 04 18,2010-07-01,2025-09-27 07:27:07,False,6,True,True
173,dsaura25,tassiloklingelhoefer@example.com,9f6f3bff2831a40e,Helmar Noack,organisation,8D251A0C,13,under_18,Non-binary,Student,Zimmerplatz 1-1,London,Mandarin,06033518885,1976-01-11,2025-11-13 03:03:45,True,6,True,True
174,hlefebvre91,pineaujeanne@example.org,8933fbecb8b9a75c,जयदेव चोपराजी,organisation,8D251A0C,13,under_18,Non-binary,Student,Camino Lidia Torre 96,Mumbai,French,15275103827,1950-01-26,2025-10-18 11:21:26,True,6,True,True
175,tiburcio4385,riitikaa50@example.net,daf9170406710dc5,Dana Le MD,organisation,8D251A0C,13,under_18,Female,Student,215 जयरामन,Tokyo,Spanish,07780 428304,1951-12-22,2025-10-14 13:03:29,True,6,False,True
176,lhebert53,ibrunel@example.com,c4bc711897077ba9,Joseph Walker,organisation,8D251A0C,14,under_18,Female,Student,"12, rue de Ledoux",Berlin,Mandarin,18211845638,1979-01-21,2026-01-19 17:57:31,True,6,True,True
177,nergerklaus-dieter43,jose58@example.net,823f896f672bd8d0,जया पटेल,organisation,8D251A0C,16,under_18,Female,Student,14668 Williams Spur Suite 223,Cape Town,Hindi,15810372166,1995-06-29,2025-11-27 12:12:57,True,6,True,True
178,paarvtii8942,qiaolei@example.net,3d586adb52cb760f,Jordan Drake,organisation,8D251A0C,13,under_18,Non-binary,Student,14148 Benjamin Cliff,Berlin,Hindi,(01491) 784232,1969-01-22,2025-12-22 03:26:08,True,6,True,True
179,smarques82,yong99@example.net,5b5b0aa6ecb1a405,Alfred Lévy de la Nguyen,organisation,8D251A0C,13,under_18,Male,Student,Josefa-Gierschner-Ring 86/41,Tokyo,Mandarin,+91 3647851954,1969-02-13,2025-11-15 09:06:44,True,6,False,False
180,fbautista32,jelena02@example.net,e7cc7698d40a0ad8,Sandy Zirme,organisation,8D251A0C,13,under_18,Male,Student,4329 Gross Plains,London,French,+34882 69 88 51,1941-09-08,2025-08-29 03:55:56,True,6,True,True
181,christina5988,rda-costa@example.org,4cbdc3d18e4e7b1c,Celestina Maristela Ferrero Cobos,organisation,8D251A0C,13,under_18,Female,Student,Susanne-Bärer-Platz 4-5,Tokyo,English,18584458837,1946-08-09,2025-09-05 17:44:01,True,6,False,True
182,cturvediisvpn58,ytanguy@example.net,b4444c076006d962,Lilia del Toledo,organisation,8D251A0C,13,under_18,Female,Student,5915 Jeffrey Valley,Tokyo,Spanish,926-338-5151x32632,1986-12-07,2025-11-07 05:25:00,True,6,True,True
183,susan6075,ulelievre@example.org,c07d813ea89d56f1,Freya Lachmann B.Sc.,organisation,8D251A0C,23,18-35,Female,Teacher,6/3 सचिन चौहान,Tokyo,German,+91 434 6338524,1947-03-25,2025-09-30 16:04:27,False,6,True,True
184,wagenknechtfelix56,qianghou@example.org,2e5874166f82c528,Stacey Thomas,organisation,8D251A0C,13,under_18,Non-binary,Student,Atzlergasse 633,Tokyo,Spanish,+34 874 25 58 10,1944-07-03,2025-11-30 21:27:26,True,6,False,True
185,hickswhitney62,icantu@example.net,f3ddb70d821e1eca,Vito del Tolosa,individual,,36,36-55,Prefer not to say,Doctor,rue de Nicolas,Paris,German,+34 961 766 663,2005-12-05,2025-12-30 13:09:35,True,6,False,True
186,pazoslorena51,drubinevamaria@example.net,d2470a9ad1bb6e99,Maxi Pi Pagès,organisation,B5FA0FD0,27,18-35,Female,Software Engineer,东莞路F座,Sydney,Spanish,883.344.2411,1945-07-14,2025-10-05 14:55:49,False,6,False,True
187,denisedelahaye98,helene48@example.net,42dd31f1fc0fed72,James Braun,organisation,B5FA0FD0,37,36-55,Prefer not to say,Homemaker,乌鲁木齐街h座,Sydney,Spanish,+49(0) 748012732,1960-06-07,2025-10-11 20:04:31,False,6,True,True
188,diliipchetrii41,cstumpf@example.com,28689ef53e36a483,Teobaldo Ismael Osorio Llanos,organisation,B5FA0FD0,29,18-35,Prefer not to say,Teacher,曾路w座,Tokyo,German,+91 141 0791182,1949-12-16,2025-12-23 12:17:40,True,6,False,True
189,vschueler19,casparremo@example.com,33a401a3b211694d,Jennifer Price,organisation,B5FA0FD0,21,18-35,Female,Business Owner,88950 Jacqueline Causeway,Berlin,Hindi,617-612-8265x11214,1974-02-16,2025-11-22 17:26:27,False,6,False,True
190,epifaniogomez74,kkpuur@example.com,c54f28ecf6cc4e77,Daniel Fiebig B.Sc.,organisation,B5FA0FD0,13,under_18,Female,Student,Cañada de Marcelo Figueras 31 Apt. 18 ,Paris,Mandarin,+1-621-463-0615x20195,2005-06-10,2025-12-14 14:47:01,False,6,False,True
191,etiennemarie60,marclagarde@example.com,ff7d519e377caf0f,कान्ती द्विवेदीजी,organisation,B5FA0FD0,26,18-35,Male,Doctor,Calle de Ainara Amigó 85,Berlin,German,285.983.7200x004,1997-03-17,2025-11-12 06:18:24,True,6,True,True
192,jockelildiko84,gjyraamn@example.net,129ffb66032d2880,अनन्‍त सिंह,organisation,B5FA0FD0,26,18-35,Female,Student,6 सुदर्शना चवन,Sydney,German,05 31 56 05 47,2007-08-30,2025-12-31 14:19:18,False,6,True,True
193,hanxiulan71,dlopez@example.org,843f9483a6937a49,Miguel Tena Bayo,organisation,B5FA0FD0,14,under_18,Male,Student,319 Nelson Crest Apt. 395,London,English,13513482101,1980-09-29,2025-09-03 08:36:02,False,6,False,True
194,yonggu21,hpoirier@example.net,7ab01bcdcd4401b4,王伟,organisation,B5FA0FD0,36,36-55,Prefer not to say,Retired,7903 Norman Courts Suite 138,Berlin,English,+91 4124434668,1970-01-03,2025-12-17 21:06:46,True,6,False,True
195,wendelidia59,tianjing@example.com,8c172c8e56debb24,Louis Weaver,individual,,43,36-55,Prefer not to say,Artist,8318 Christopher Pass Suite 507,Berlin,Hindi,+34 946096918,1960-04-28,2025-12-06 18:49:57,True,6,True,True
196,hansonsteven94,sabine12@example.com,86708f2b122af9a4,Olivier Legros,individual,,74,55_plus,Prefer not to say,Doctor,"9, rue Lacroix",Sydney,Hindi,+49(0)5195468158,1951-02-18,2025-11-06 20:51:06,True,6,False,True
197,ricardochaparro60,riosmark@example.org,d4058f5b6c166034,王瑞,individual,,57,55_plus,Prefer not to say,Artist,Briemerstraße 271,New York,German,+33 (0)4 90 77 90 06,1962-01-29,2025-12-02 17:05:24,True,6,True,True
198,scin0454,molinsnicodemo@example.org,4cad1a1b1d9bc486,गौरी श्रीवास्तव,individual,,69,55_plus,Prefer not to say,Student,8990 Amanda River,New York,Hindi,+91 354 1161043,1947-08-16,2025-11-19 18:46:13,True,6,False,True
199,rennersalvatore91,jgutknecht@example.org,4126bc57d31c9c33,Florina Sandra Roca Roura,individual,,13,under_18,Non-binary,Student,Vial Nayara Seco 393 Apt. 13 ,Berlin,English,2439081670,1945-01-29,2025-09-26 07:55:37,True,6,False,True
200,rhonda1331,amber24@example.com,1d1de44c267aee4b,Tamara Casado Benavent,family,892D10D8,49,36-55,Prefer not to say,Teacher,Anni-Gerlach-Allee 6-8,New York,Hindi,830.938.3174x687,1940-08-29,2025-12-17 08:41:18,True,6,True,True
201,hjaarikaaindrjit39,qmaury@example.org,25e2a61f52354c53,Kayla Wilson,family,892D10D8,56,55_plus,Non-binary,Software Engineer,"12, chemin Bouvet",New York,Mandarin,+91 154 4343622,1988-04-03,2025-09-19 18:42:26,True,6,True,True
202,dmeyer54,zhande@example.org,6d42ffa25b6fe719,Manon Faure,family,892D10D8,45,36-55,Non-binary,Doctor,1300 Flores Meadow,Paris,German,+33 (0)5 65 45 18 64,1990-04-24,2025-10-22 10:31:01,True,6,False,True
203,ewatson51,vyao@example.org,6158508a9cbde6a4,Deborah Gomez,individual,,13,under_18,Non-binary,Student,姚街J座,Sydney,Hindi,+34873 886 947,1957-02-14,2025-11-07 17:31:59,True,6,False,True
204,jun2862,li94@example.com,b18e7d17e87b92f6,आदरवाचक दिलीप आचार्य,individual,,50,36-55,Non-binary,Doctor,35/8268 विवेक सिन्हा,Berlin,Spanish,+34 977 783 411,2008-02-17,2025-12-16 05:43:41,True,6,True,True
205,maria-pilar5036,sunguiying@example.org,30a0d2cf4a258f2d,Univ.Prof. Nurten Pergande,individual,,46,36-55,Non-binary,Retired,974 Angela Route Apt. 443,Berlin,Mandarin,(08806) 54798,1951-11-15,2025-09-26 20:51:55,False,6,False,True
206,nicolascarbajo21,gaavddekaantii@example.com,3bd82d828ff49aea,Hugues de la Sanchez,individual,,77,55_plus,Male,Business Owner,9695 शक्ति रोद्रिगुएस,Tokyo,Hindi,+34927 20 37 16,2008-09-22,2026-01-03 08:06:39,False,6,False,True
207,mariannegermain99,droy@example.net,ba6ab4797d62e78d,朱岩,family,09F8F83C,40,36-55,Female,Student,辛集路Q座,Berlin,Mandarin,06672 758696,1955-04-11,2025-09-18 14:36:08,False,6,False,True
208,manuelgordon27,guptaabl@example.org,1593ca434453ef43,Óscar Camino Artigas,family,09F8F83C,53,36-55,Non-binary,Artist,6 चवन,Tokyo,English,+91 8904890713,1949-03-15,2025-12-14 20:34:29,True,6,True,True
209,colletcolette58,bsontag@example.net,95424df44f6a63a9,Ralf-Dieter auch Schlauchin,family,09F8F83C,42,36-55,Female,Business Owner,"21, rue Lelièvre",Cape Town,Mandarin,+33 (0)5 18 35 42 50,1987-10-30,2025-12-11 06:29:46,True,6,False,True
210,kadefranka52,albanmohaupt@example.com,5fff6eba2928fb3d,Eliseo de Ortega,individual,,57,55_plus,Non-binary,Teacher,沈阳路m座,Mumbai,French,(05425) 62640,1982-05-09,2025-10-22 01:38:01,False,6,True,True
211,bhande27,williamsjerry@example.org,70494064c9f1bcae,Noémi Collet,individual,,25,18-35,Prefer not to say,Doctor,"43, chemin Garcia",Tokyo,Spanish,+49(0)6493314522,1960-03-27,2026-01-01 04:45:54,True,6,False,True
212,guiyinglong74,alain30@example.org,31fa2825b0ae70ad,संमानित अरुंधती पटेल,individual,,50,36-55,Female,Teacher,373 विजया सिंह,Berlin,German,001-570-878-9513x188,1957-02-27,2025-08-28 18:01:31,True,6,True,True
213,nurettin4653,baudrylouise@example.com,aa1e041ff4db208d,Olivier Delannoy,individual,,79,55_plus,Non-binary,Artist,Sauerplatz 8483,Mumbai,English,004-70803884,2010-09-07,2025-12-06 05:06:40,True,6,False,True
214,attnddn48,mcdonaldmatthew@example.org,3a4e3f22f7847dbb,Virginia Bárbara Arteaga Pont,individual,,28,18-35,Male,Retired,"97, chemin Isaac Bigot",Mumbai,German,02849 781476,2012-01-28,2025-11-24 01:04:44,True,6,True,True
215,thibaut8929,luli@example.com,f02a16c9eb8eef74,ज़स्विन्देर् आहूजा,individual,,48,36-55,Prefer not to say,Homemaker,Avenida de Florentino Batalla 63,London,Spanish,2059801394,2002-11-27,2026-01-10 18:43:57,True,6,True,True
216,jie5714,zeberth@example.org,30d0a52d234f4a8c,प्रणय मैती,individual,,20,18-35,Non-binary,Teacher,24846 Adam Rue,Paris,English,+33 4 76 35 52 15,1973-07-13,2025-10-01 11:58:10,False,6,True,True
217,juliette0145,ptrommler@example.com,9f6ad109ad972199,Thibaut de Chartier,individual,,58,55_plus,Non-binary,Software Engineer,Callejón de Nieves Tamarit 73 Puerta 8 ,New York,Hindi,18534342151,1995-05-15,2025-11-08 23:37:54,False,6,False,True
218,bienvenidamosquera35,hpoulain@example.com,aeb00bee6015e9bf,Lucio Vilanova-Zaragoza,individual,,43,36-55,Male,Homemaker,"6, avenue Étienne Colin",London,German,18747541327,2001-05-03,2026-01-17 03:22:38,True,6,False,True
219,popedouglas71,sheltonstephen@example.com,e1edcdbf2492378c,Michael Richardson,individual,,66,55_plus,Prefer not to say,Retired,林街V座,New York,Spanish,001-670-374-3353,2000-12-20,2025-12-17 10:52:25,True,6,False,True
220,herberto4364,bourgeoismathilde@example.com,f6dd03858ae46dfd,李玉梅,individual,,84,55_plus,Non-binary,Doctor,66119 Wall Freeway,Mumbai,English,+34922209872,1972-08-02,2025-12-08 21:39:49,True,6,True,True
221,brigidapinilla10,mbaxter@example.com,67a0291da8b3e6a6,Dr. Christl Buchholz MBA.,individual,,13,under_18,Male,Student,C. Cosme Baena 27,New York,Hindi,13998536300,1967-09-18,2025-12-14 10:49:15,True,6,False,False
222,gball94,henryhansen@example.net,70ee32e72f60cda1,आनन्द नाथ,individual,,51,36-55,Prefer not to say,Business Owner,31260 Madden Shores Apt. 590,Paris,English,001-688-201-9273x31928,1947-02-16,2025-09-08 10:39:43,True,6,False,False
223,celestinopou88,susan55@example.org,d11d427f2f40dee9,Raymond-Augustin Girard,family,7EA0B916,47,36-55,Female,Artist,19 दासगुप्ता,Sydney,Hindi,+34872 51 27 02,1954-04-24,2025-10-02 01:36:09,True,6,False,True
224,textorpeter-michael94,xdavidson@example.org,6668dc5fed13e08e,Leah Glover,family,7EA0B916,33,18-35,Prefer not to say,Homemaker,"62, boulevard Michel Ruiz",Tokyo,German,+1-882-301-1624,1980-02-19,2025-12-13 09:30:03,False,6,False,True
225,thomasjacqueline72,oliverufina@example.org,d34a04f66d33ed60,सरला मैतीजी,family,7EA0B916,53,36-55,Prefer not to say,Retired,425 Noah Meadow Suite 493,London,Spanish,+33 (0)2 62 76 81 37,1971-11-10,2025-11-28 12:06:44,True,6,False,True
226,fmurcia18,tflores@example.net,ed35fcac553150b1,Christopher Williams,family,7EA0B916,52,36-55,Prefer not to say,Doctor,Dörschnerstr. 8/5,Mumbai,English,+34 876 261 517,1986-02-03,2025-11-15 03:49:09,True,6,True,True
227,mlhotraakaushlyaa28,ming40@example.com,105718cdeb313190,Julie Pope,individual,,28,18-35,Non-binary,Artist,Ruben-Renner-Allee 64/47,Berlin,German,+33 3 65 60 31 09,2007-02-24,2026-01-10 12:14:17,True,6,True,True
228,shriipti0671,zrosenow@example.com,a62405b34c77d3f8,孙洁,individual,,76,55_plus,Male,Business Owner,Cuesta Pastora Carrión 20,London,Spanish,15026968950,1993-09-01,2025-11-10 09:34:08,False,6,False,True
229,caridad3776,paula23@example.net,ea9a1b57825d22de,Isabella Davis,family,B947F354,36,36-55,Prefer not to say,Software Engineer,银川街g座,Sydney,French,+49(0)8090375167,1986-01-14,2025-10-30 08:23:27,False,6,False,True
230,sgumprich58,indrjit33@example.org,afa9ac861b49a2f0,刘凤英,family,B947F354,59,55_plus,Female,Student,"826, boulevard de Roche",London,French,13398338912,1943-09-05,2025-12-22 18:28:10,False,6,False,True
231,lorraine8748,jwei@example.com,583c0d0d1e41d3db,Mike Etzold MBA.,family,B947F354,41,36-55,Non-binary,Teacher,887 भटनागर,New York,Mandarin,+33 6 33 37 97 28,1975-10-09,2025-09-10 15:47:58,False,6,True,True
232,juan7884,ezequiel64@example.org,d1bbda9c6c3085f1,Josefa de Cuenca,family,B947F354,52,36-55,Male,Homemaker,Reiner-Faust-Gasse 9-5,Berlin,Spanish,03357297963,2001-06-08,2025-09-24 05:24:21,False,6,True,True
233,miguela3651,milagroslanda@example.net,adea8551620f9307,Traude Bolzmann,family,B947F354,34,18-35,Male,Software Engineer,85/1470 विक्रम टंडन,Paris,German,(02727) 04706,2008-10-12,2025-09-19 04:20:53,True,6,False,True
234,revillaclotilde58,dvivediilkssmnn@example.org,3b03c0e86ec2f8c7,卢建,family,B947F354,50,36-55,Female,Artist,Sylvie-Dietz-Ring 0,Mumbai,Hindi,+34 971301089,1996-03-30,2025-11-11 10:45:18,True,6,True,True
235,diedrichschueler18,mariarcelia@example.com,d60ee121689c142f,Gina Sawyer,family,B947F354,58,55_plus,Female,Doctor,"58, avenue Daniel Hoareau",Paris,Hindi,18085690424,1966-05-26,2025-11-14 14:52:03,False,6,True,True
236,fletcherjohn82,juanitobarba@example.org,7ca19e4cc64f81ef,朱玲,family,B947F354,44,36-55,Female,Artist,5189 मैती,Mumbai,Spanish,001-940-676-8912x2223,1948-11-18,2025-08-26 15:16:26,False,6,False,True
237,mingsong23,reginald14@example.com,ace46f527885c1a8,郭博,individual,,48,36-55,Non-binary,Artist,"51, chemin Girard",Sydney,French,+33 1 56 35 06 98,1972-05-04,2025-12-02 07:39:19,True,6,True,True
238,svitrshrmaa23,spires@example.net,ee0178e0b093bc33,उषा तमांग,individual,,48,36-55,Female,Doctor,Camino de María Barreda 8,Berlin,English,09219 180555,1977-01-30,2025-12-08 03:28:19,True,6,False,True
239,olin64,xluna@example.net,f7e6adc0a0f99a88,王斌,individual,,52,36-55,Non-binary,Retired,"85, boulevard Adélaïde Paris",Mumbai,French,0658544800,1973-08-30,2025-11-12 06:58:06,True,6,True,False
240,tjackson91,etiennezacharie@example.org,15a8dbaa17d9316d,沈云,family,7DE3DCC5,50,36-55,Male,Business Owner,Georgine-Gunpf-Ring 4862,New York,Hindi,09940364309,1947-10-14,2025-12-01 03:03:50,True,6,True,True
241,arreguiabigail19,phentschel@example.org,d3cdc775c343915a,Kathleen Rivas,family,7DE3DCC5,41,36-55,Male,Retired,7447 प्रतिमा सरीन,Cape Town,English,01068 957100,1994-05-23,2026-01-12 23:08:08,True,6,False,True
242,kduan70,govindaatmaang@example.net,50b4414d835c96d5,张秀珍,family,7DE3DCC5,21,18-35,Non-binary,Retired,Ronda de Gabino Pineda 90 Piso 8 ,Cape Town,French,+1-550-630-0343x93419,1964-11-02,2025-12-04 07:44:39,True,6,True,True
243,zlatko9086,baileywhite@example.org,16bc552a84233e07,Dorothée Arnaud,family,7DE3DCC5,36,36-55,Male,Business Owner,淮安街p座,Mumbai,Mandarin,15574030453,1943-08-18,2025-12-13 02:07:03,False,6,True,False
244,coronagranados20,martinjanet@example.net,ccfb0d556561e85a,何东,individual,,65,55_plus,Male,Student,331 डी’कोस्टा,New York,English,(06174) 327163,1965-05-19,2026-01-15 09:05:42,True,6,True,False
245,xagrvaal82,xiongjuan@example.com,ebad7eaef53540d3,马雷,individual,,53,36-55,Male,Software Engineer,1304 माला झा,Cape Town,Mandarin,07799 50463,1966-01-23,2025-12-06 02:04:13,True,6,False,True
246,olegariobarragan62,schulzsibilla@example.net,edbab8b4306e8136,सीता साहा,individual,,91,55_plus,Prefer not to say,Teacher,东莞路r座,Mumbai,Hindi,+49(0)4591 356731,1990-07-13,2026-01-16 13:47:58,True,6,True,True
247,jeffrey1777,jcodhrii@example.com,29b1775dcd461417,邱柳,individual,,13,under_18,Non-binary,Student,6 कान्ती साहा,London,German,+34 868 113 226,1968-05-26,2025-09-21 04:27:05,True,6,True,True
248,pinorosaura98,qnoguera@example.com,3aac81b6704456a2,Arthur Bouvet-Lévêque,individual,,13,under_18,Non-binary,Student,7818 Zachary Field,New York,Mandarin,0371831679,1967-10-27,2025-10-06 14:53:52,True,6,False,True
249,yongdai75,rachel34@example.org,45fb172b1ad02d54,Virginie Morel-Caron,individual,,13,under_18,Non-binary,Student,31 भट,Mumbai,Mandarin,+34820 09 96 13,1953-05-19,2025-08-27 09:20:45,True,6,False,True
250,tina8070,qhamel@example.org,5439c5005cb17f5f,Madeleine Weinhold,individual,,56,55_plus,Male,Homemaker,阚街R座,New York,English,+49(0)4231998502,1970-10-17,2025-12-21 12:43:10,False,6,False,True
251,manuelpaca59,codyaguirre@example.com,e1f7769095d72c39,Cándida Cueto,family,B2808C02,13,under_18,Non-binary,Student,Rambla de Edelmiro Cal 7 Piso 6 ,Cape Town,Hindi,043-27867543,1950-01-03,2025-10-28 11:21:10,True,6,True,True
252,riusjuan-jose29,raaniicodhrii@example.net,89f02376dd89b0f6,Cornelio Cardona Plaza,family,B2808C02,17,under_18,Prefer not to say,Student,Paseo de Irene Asensio 79 Puerta 7 ,Tokyo,German,+91 670 2419092,1959-09-03,2025-11-08 03:57:10,False,6,False,True
253,valerorivas95,qianchao@example.com,34ef2cf763891fa9,Jacques Le Adam,family,B2808C02,24,18-35,Non-binary,Artist,"12, chemin Christophe Denis",Berlin,German,+34 872251900,1960-03-15,2025-12-08 06:04:22,True,6,True,True
254,itaambe80,lupelillo@example.org,cd94fe588c1601b6,廖敏,family,B2808C02,22,18-35,Non-binary,Doctor,Marie-Luise-Holt-Platz 8572,Berlin,Hindi,15379210247,1956-05-02,2025-11-12 06:45:58,False,6,True,True
255,guiyingtan95,amanda85@example.org,bf31a8801939c314,Manuela Alarcón Gibert,family,B2808C02,16,under_18,Female,Student,rue de David,Sydney,Hindi,+1-655-871-7389x180,2012-09-14,2025-11-07 00:20:02,False,6,True,True
256,guiying9942,conradiveli@example.net,7415763e06e4b90a,David Richardson,family,B2808C02,16,under_18,Female,Student,刘街u座,Mumbai,German,(521)947-8063,1978-03-25,2025-10-07 15:42:52,False,6,False,True
257,wangkimberly32,laavnnyaacopraa@example.com,a7b633e571a69fc4,Prof. Tomislav Schuster B.A.,individual,,69,55_plus,Female,Teacher,Giesela-Henck-Weg 21,London,Spanish,+34 972477353,1958-03-21,2025-10-29 11:03:15,True,6,True,True
258,guyonalice82,sknappe@example.org,748a0d6a10322ee2,Reinhardt Baum,individual,,77,55_plus,Prefer not to say,Artist,033 Garcia Inlet Suite 716,Paris,English,(04927) 860486,2007-11-03,2025-12-31 04:58:06,False,6,False,True
259,yangcao51,friedericke59@example.net,7f9bdb7f374f691d,Stacy Grimes,family,43FDD8C2,94,55_plus,Prefer not to say,Doctor,Harald-Flantz-Straße 3321,New York,French,03409263230,2009-11-01,2026-01-18 07:42:47,True,6,False,True
260,zsvinderburuaah60,edgardoleon@example.com,7ddc53ff809bce1e,सम्मानात्मक लक्ष्मी सरीन,family,43FDD8C2,68,55_plus,Male,Software Engineer,Cañada Domitila Costa 16 Apt. 62 ,Berlin,Spanish,+34977 62 98 23,1984-07-10,2025-10-12 13:08:07,True,6,False,True
261,guiyingpan54,gauthieralexandre@example.org,89c90bbd807a0fd0,Götz Bohlander-Striebitz,family,43FDD8C2,96,55_plus,Prefer not to say,Software Engineer,79/656 चौहान,London,German,+1-903-700-3546,2007-12-14,2025-10-03 20:10:16,True,6,False,True
262,astridcamus31,sumtiigurung@example.org,863530a29b92540a,Armando Carro-Luján,family,43FDD8C2,67,55_plus,Female,Homemaker,Atzlerring 7-1,London,Spanish,+34981 955 984,1996-08-26,2026-01-01 06:53:48,True,6,True,True
263,xiuyingdong86,losekannpeter-michael@example.net,cbf3feb18bd4d4a7,Hélène Pascal-Benard,family,43FDD8C2,67,55_plus,Male,Teacher,Vial de Ruth Agullo 51,Berlin,Spanish,13147310192,1958-06-04,2025-12-28 12:32:53,True,6,False,True
264,isabellethibault79,nmeister@example.org,7f8e32d6be8bca59,沈雪梅,family,43FDD8C2,87,55_plus,Male,Student,Rosa-Maria-Barth-Gasse 65,London,Spanish,13407027306,2000-03-29,2025-12-19 08:29:41,True,6,False,True
265,wandrade70,hermenegildocolom@example.com,806cbb3ef2fe5a0d,Gavin Lloyd,family,43FDD8C2,87,55_plus,Female,Doctor,Avenida de Abigaíl Morante 1 Puerta 1 ,Mumbai,English,01 39 87 39 69,1995-06-20,2026-01-10 14:06:22,True,6,False,True
266,xiaxiao96,dustin03@example.net,1b250e46b66d651a,संमानित बलराम रॉय चौधरी,family,43FDD8C2,82,55_plus,Non-binary,Homemaker,Margrafstr. 729,Cape Town,Hindi,+49(0)9949119131,1997-11-09,2025-11-02 05:47:50,False,6,True,True
267,emilia8712,timothyjohnson@example.net,c966e102d894e3ef,Amarilis Lluch-Peña,individual,,56,55_plus,Non-binary,Teacher,"14, rue de Masson",Paris,Mandarin,+49(0) 385463505,1991-07-28,2025-08-27 21:31:40,False,6,False,False
268,colasmarcel10,yxiang@example.org,594fbc71cdcf650d,अमित वेंकटएसनजी,individual,,59,55_plus,Female,Teacher,"1, rue de Lenoir",Tokyo,Hindi,18293399207,1963-09-23,2025-11-11 10:44:08,False,6,True,True
269,mejiadesiree66,kaulkml@example.org,b9e5b28b6689dfa6,Nadia Vara Ruiz,individual,,68,55_plus,Prefer not to say,Artist,5472 Velasquez Pines,Berlin,Mandarin,0655102724,1945-10-13,2025-09-26 16:48:42,True,6,False,True
270,taoyu26,vilma43@example.net,0f4b1f66ed960e93,Régulo Solera-Moles,individual,,48,36-55,Non-binary,Business Owner,东莞路e座,Sydney,Mandarin,13054428949,2004-10-09,2025-09-19 12:22:02,True,6,False,True
271,trose95,raaniipillii@example.com,9b76aa6bc65afe96,李玲,individual,,75,55_plus,Non-binary,Student,王街D座,New York,English,+34846 17 74 85,1975-09-16,2025-09-18 00:34:59,True,6,False,True
272,mukeshnaath85,marcellabolnbach@example.org,f20478577569eebc,Hasan Seifert,individual,,34,18-35,Non-binary,Business Owner,588 त्रिवेदी,Cape Town,Spanish,+91 647 6833105,1985-07-03,2025-09-17 07:14:47,False,6,False,True
273,paulinaamores56,qlopes@example.net,4951ac9d0ba1b0b5,Rolando Heras Roig,individual,,79,55_plus,Male,Business Owner,"77, chemin de Gosselin",Mumbai,German,0532217544,1955-10-07,2025-10-12 22:20:37,False,6,False,True
274,mathildefreudenberger70,vmeng@example.org,0eb533270aabaff0,Paige Lane DDS,individual,,25,18-35,Male,Teacher,297 Joshua Mount Apt. 141,Cape Town,Hindi,+91 3860249178,2002-04-08,2025-12-18 12:29:46,True,6,False,True
275,gpalomino22,auroreparis@example.net,871a3e467147107d,Prof. Dolores Eckbauer,individual,,72,55_plus,Prefer not to say,Artist,成都街w座,Mumbai,Mandarin,03987960500,1953-10-12,2025-12-09 07:47:28,False,6,True,True
276,xuping10,emjuumdaar@example.net,715f9222dffdd8c8,Thekla Caspar,family,DCCB18D5,71,55_plus,Non-binary,Doctor,Rognerring 93,Cape Town,Hindi,15330175486,1956-06-06,2025-09-17 10:37:50,True,6,False,True
277,paulamercado14,fangyan@example.org,7c470e38cfd27109,Brigitte Mary,family,DCCB18D5,60,55_plus,Prefer not to say,Retired,巢湖路B座,Cape Town,Mandarin,+49(0) 490980735,1997-04-25,2025-10-05 01:39:40,True,6,True,False
278,edouard3158,aguedasamper@example.org,2bd2cf5cdb517b89,Rigo Seifert,individual,,63,55_plus,Prefer not to say,Software Engineer,Paseo Ariel Vilalta 435,Paris,German,(318)337-0871,1963-12-28,2025-09-11 17:43:48,True,6,True,True
279,clifford0595,tditschlerin@example.com,ccf29531afd6627c,Mohamed Dalmau Ripoll,family,BCB0F8A6,88,55_plus,Prefer not to say,Teacher,41899 Robinson Stream,Tokyo,Hindi,+91 934 8879662,1994-10-25,2025-09-27 11:22:04,True,6,False,True
280,hpetit67,wangqiang@example.com,58276fcad60f6cb7,Amélie Hamon,family,BCB0F8A6,78,55_plus,Non-binary,Artist,Ronda de Candelario Ortuño 7,Cape Town,Hindi,0489908804,1950-11-16,2025-12-19 11:43:44,True,6,True,True
281,sofiamateos64,stephaniegray@example.net,b606e3124f6c6073,Dana Thompson,family,BCB0F8A6,77,55_plus,Male,Doctor,794 रामकृष्ण पिल्लई,Cape Town,English,001-476-638-2125,1949-09-06,2026-01-17 15:38:38,True,6,True,True
282,osnyder82,jeanne02@example.com,26084fdc464feaad,Donata Barkholz MBA.,family,BCB0F8A6,73,55_plus,Non-binary,Homemaker,25/4797 अभय भरद्वाज,Mumbai,German,05492829199,1986-08-28,2025-11-25 16:15:39,True,6,False,True
283,jwen46,sextonwendy@example.org,b3bc7a3cfd0d6d9c,张金凤,family,BCB0F8A6,62,55_plus,Prefer not to say,Retired,李路N座,Mumbai,Spanish,+34822 66 33 98,1967-01-04,2025-09-20 19:20:26,True,6,False,True
284,sjacob69,leiluo@example.org,a48e47807aedf9f7,Marciano de Badía,family,6993A09C,40,36-55,Non-binary,Homemaker,9/0 अरुंधती सिन्हा,Mumbai,Mandarin,(07660) 460000,1954-08-18,2025-12-12 13:19:24,True,6,True,True
285,guiying6542,ballpatrick@example.org,998cb3b1d9c6705a,Felicitas Atzler,family,6993A09C,52,36-55,Non-binary,Homemaker,91/35 मेहता,Mumbai,Hindi,+34874 884 419,2006-04-05,2025-11-01 02:16:33,True,6,False,True
286,qolivier94,ana-sofia97@example.org,6f86cd7b1c2e682b,Jose Antonio del Sancho,individual,,41,36-55,Female,Doctor,"9, avenue Bodin",Paris,Mandarin,13454348720,1999-01-01,2025-10-17 03:24:03,True,6,True,True
287,mohauptsylvester93,hnumaanbhtt@example.org,e93745b78f487fbd,Emmanuel Duhamel,individual,,69,55_plus,Prefer not to say,Business Owner,"20, rue Renault",Cape Town,Spanish,02170 917158,1991-02-14,2025-10-27 21:14:46,False,6,False,False
288,richard2856,xguillou@example.com,47521e3b7f57befd,黄荣,individual,,71,55_plus,Non-binary,Artist,合肥路X座,Sydney,Spanish,070-02362373,2007-08-18,2025-12-06 15:21:18,True,6,False,False
289,mnyju4186,atienzamarcela@example.net,27ec96dd4a6707cd,Christopher Garner,individual,,87,55_plus,Male,Homemaker,"22, chemin Margaux Regnier",Cape Town,Mandarin,14517214040,1974-09-25,2025-09-28 10:08:30,True,6,True,True
290,twilliams42,nguyenamy@example.net,1a9c9d8595eff25e,Alain Monnier,individual,,87,55_plus,Female,Teacher,Alameda de Áurea Múgica 76 Apt. 48 ,Sydney,German,276.276.9391,2005-06-19,2025-10-17 22:01:29,True,6,False,True
291,najin35,augustethierry@example.org,be0c00974a7f35ba,Capucine Brunet de Barbe,family,AC14EF93,88,55_plus,Female,Homemaker,Plaza Flavia Echevarría 6 Puerta 2 ,Tokyo,Hindi,01011993920,1984-12-16,2025-10-05 19:38:12,True,6,False,True
292,traugottstahr30,liinaa47@example.net,3da2b04d7a927042,Thomas Turpin de Jacquot,family,AC14EF93,62,55_plus,Prefer not to say,Business Owner,020 संजय लोबो,Sydney,Spanish,08634625305,2004-07-19,2026-01-05 10:53:53,True,6,True,True
293,margaud3172,mdupuis@example.org,dfa521abe9f7caa1,Christine-Emmanuelle Schmitt,family,AC14EF93,78,55_plus,Female,Software Engineer,"57, rue Mahe",London,English,00171 192891,1946-03-07,2025-11-17 14:31:25,True,6,True,False
294,nguo35,cordfreudenberger@example.net,4e92a7a12146dad6,倪涛,family,AC14EF93,84,55_plus,Prefer not to say,Business Owner,5195 Vincent Pike,Paris,German,+34880 890 254,1992-05-07,2025-12-05 06:59:39,True,6,True,True
295,heidihernandez10,dawn19@example.com,302fc23cc89509e1,Agnès Masse du Menard,family,B344F8B9,57,55_plus,Non-binary,Homemaker,190 Vaughn Viaduct,Sydney,French,13391101812,1963-08-04,2025-11-05 12:01:36,True,6,False,True
296,obos95,kscheel@example.net,1d473679b0be3efa,Dipl.-Ing. Karl-Wilhelm Siering,family,B344F8B9,57,55_plus,Female,Retired,"57, rue Célina Becker",Berlin,English,+33 2 31 10 81 26,1978-07-28,2025-10-07 20:50:52,True,6,True,True
297,mistriisitaaraa20,rafaela03@example.com,079aa3d8aad140b1,Claudio Felix Echeverría Lastra,family,B344F8B9,45,36-55,Non-binary,Doctor,2 डी’कोस्टा,Berlin,French,+91 6896730328,1950-12-18,2025-09-04 12:22:23,True,6,True,False
298,kcarranza59,kdai@example.org,cf2f821bce76776a,कान्ता बनर्जी,family,B344F8B9,63,55_plus,Male,Doctor,979 Michelle Center Apt. 523,Sydney,Mandarin,13856832363,1993-02-09,2025-09-19 15:14:12,True,6,False,True
299,gfinke28,xiulanguo@example.net,1b0b64b0f58ed49f,李建,family,B344F8B9,52,36-55,Female,Doctor,Franco-Aumann-Allee 72,Cape Town,German,05 56 63 94 10,2012-11-28,2025-09-11 06:44:28,True,6,False,True
300,guljaar6571,paffrathmarten@example.org,f52dcf8c7e67c93a,असीम डी’सोउज़ा,individual,,13,under_18,Female,Student,Pasadizo Maxi Blazquez 3 Puerta 3 ,Paris,English,05653658238,1987-01-28,2025-11-07 22:05:49,True,6,False,False
301,yaadvikshorii80,zsun@example.org,614eb0940a2acf56,Thierry Delahaye,individual,,87,55_plus,Female,Doctor,"2, boulevard Lejeune",Sydney,Mandarin,+33 (0)1 55 40 02 63,1973-05-14,2025-12-22 23:43:19,False,6,False,True
302,zhengguiying90,hilmarhenck@example.com,5955189c56519661,陈丹,individual,,77,55_plus,Prefer not to say,Student,"48, boulevard Nathalie Rémy",Cape Town,Hindi,0559509442,1984-02-05,2025-10-15 10:44:52,False,6,True,True
303,markbrown33,rrosado@example.org,68d0ad3556ae33ca,Christiane Marchand,individual,,45,36-55,Male,Student,871 राव,Cape Town,Mandarin,+34 877113846,1982-03-18,2025-10-16 06:28:21,True,6,True,True
304,madeleineriou72,pyang@example.org,68b06b2c7e8f8811,汪玉英,individual,,69,55_plus,Non-binary,Homemaker,大冶街K座,New York,French,+33 2 79 41 62 69,1958-07-10,2025-12-27 03:27:52,True,6,True,True
305,maria-dolores1314,tao87@example.org,54574faab188a79b,高秀芳,organisation,5F3265D4,15,under_18,Non-binary,Student,黄街d座,Berlin,French,15760639718,1944-07-13,2025-12-07 22:02:29,True,6,False,True
306,rpeng28,kaamblaasubrmaaniym@example.org,9a027782d37bb176,Sandra Walker,organisation,5F3265D4,13,under_18,Male,Student,唐路T座,Berlin,English,+49(0)2683 21047,1950-01-14,2025-10-02 10:46:30,False,6,False,True
307,franck3688,lwan@example.com,be5650d6dbd19d19,Yago de Sales,organisation,5F3265D4,31,18-35,Male,Homemaker,Kuhlstr. 1091,Mumbai,Spanish,+49 (0) 5755 861027,1988-05-16,2025-09-17 10:36:44,True,6,True,True
308,filizkiller25,aniruddhrony-caudhrii@example.com,1a5d683c536dfa4d,Carlos Víctor Ferrán Borrego,organisation,5F3265D4,13,under_18,Female,Student,Rotraud-Holzapfel-Straße 53-82,Cape Town,German,+33 (0)4 83 26 54 97,1955-07-30,2025-12-07 20:01:35,True,6,False,True
309,klemmgretchen80,lobomaayaa@example.org,3f974b819df9a7d3,सम्मानात्मक ललित यादव,organisation,5F3265D4,14,under_18,Male,Student,59287 Dylan Trafficway Apt. 228,Sydney,German,0483213683,1993-12-01,2025-10-02 02:58:10,True,6,True,True
310,beatriz2320,msmith@example.net,0a66c71eee08e1c9,गोपाल तिवारी,organisation,5F3265D4,13,under_18,Male,Student,刘路A座,Berlin,Mandarin,+1-397-800-6223x4995,1968-03-08,2025-12-10 00:42:49,False,6,False,True
311,zsvinder6310,ruyvalle@example.net,e914d7f4d321ee4a,Cemal Henk,organisation,5F3265D4,20,18-35,Non-binary,Teacher,朱街s座,Paris,Spanish,387.320.3038,1998-06-21,2025-12-17 11:36:40,True,6,True,True
312,kaashii3768,rossimichel@example.com,2366bddaf46ed97c,Thierry Thomas,organisation,5F3265D4,29,18-35,Male,Student,澳门街g座,Paris,Mandarin,+34 928 037 094,2009-06-16,2025-09-13 11:46:44,True,6,True,True
313,akramer59,guzmaneliseo@example.org,ed2ffa6f8ca9df7f,吴玉兰,organisation,5F3265D4,32,18-35,Non-binary,Homemaker,Cuesta María Carmen Silva 36 Apt. 58 ,Cape Town,Spanish,18665068660,1982-08-04,2025-09-25 18:18:51,False,6,False,False
314,bertrandgeorges23,peracristian@example.net,8d9882bb99d81755,Crystal Johnson,organisation,5F3265D4,38,36-55,Prefer not to say,Retired,Ronda de Rafa Cánovas 17,London,German,02304142742,1998-01-17,2026-01-11 18:45:21,True,6,False,True
315,peraemilia91,fangzhao@example.com,e5e82401ced4cb54,पल्लव बोस,organisation,5F3265D4,17,under_18,Male,Student,Avenida de Fortunata Castells 87 Apt. 47 ,Mumbai,Mandarin,001-888-490-1631x5044,2006-12-20,2025-10-23 21:21:01,True,6,True,True
316,meyersandro99,michaelcollins@example.com,50d2eb95edb77317,संमानित अनन्‍त बलासुब्रमानियम,organisation,5F3265D4,22,18-35,Non-binary,Artist,01051 Anderson Prairie Apt. 118,Paris,French,+91 6632516864,1943-01-06,2025-09-09 01:20:45,True,6,False,True
317,quriarte39,robertsonchristopher@example.net,cb58d6ccad84d1ad,Jorge Carretero Barrena,individual,,54,36-55,Prefer not to say,Student,Glorieta Ambrosio Lara 24,Sydney,Spanish,15721924563,1980-10-22,2025-12-27 05:25:33,True,6,True,True
318,mdaas85,kwilliams@example.net,09d44b3d6ef80ca0,宋俊,family,3922EAC7,13,under_18,Non-binary,Student,9945 John Spur Suite 348,New York,Spanish,010-48677854,1994-05-17,2025-12-30 01:03:56,False,6,True,True
319,liesbeth5236,qmunoz@example.net,cb22e1352951fd30,Adriana Norris,family,3922EAC7,20,18-35,Prefer not to say,Software Engineer,8/3 ज़स्विन्देर् मेनन,Paris,English,13191835973,1999-06-16,2026-01-18 14:17:01,True,6,True,True
320,hansheinz42,perrincorinne@example.com,bd0c33bd9d5b0bdc,Rocío Pinilla,family,3922EAC7,24,18-35,Female,Teacher,Cuesta Juan Luis Duque 70 Puerta 4 ,Berlin,English,289.821.9476,2007-01-29,2025-08-27 18:37:08,False,6,False,True
321,ohurst42,tao56@example.org,48facbe2bf6e980d,David Durham,family,3922EAC7,36,36-55,Non-binary,Student,Jeannette-Steuer-Ring 7,Paris,Spanish,(269)589-1504,1968-06-25,2026-01-14 16:31:44,True,6,True,True
322,christelle9099,oxu@example.com,dff508c6ece42fdb,林俊,family,3922EAC7,24,18-35,Non-binary,Software Engineer,65/92 कालिदास दुत्ता,London,Spanish,+34 704 92 63 80,1944-03-12,2025-09-08 19:23:37,True,6,True,True
323,davidvirginie12,brian11@example.net,c7790194914d96e9,Mareen Junk,family,3922EAC7,20,18-35,Prefer not to say,Software Engineer,"80, avenue Rémy",Tokyo,Spanish,+49(0)7712351120,1962-08-16,2026-01-16 11:30:58,True,6,False,True
324,alice4243,srsvtiiduttaa@example.net,8704e3560d32b2c4,Custodia Medina Iniesta,individual,,60,55_plus,Non-binary,Retired,04/3043 शान्ता चोधरी,Sydney,English,+91 3810536736,1990-11-16,2026-01-14 23:03:23,True,6,True,True
325,sbennett54,na40@example.net,655565a8966d1359,Joseph Scott,family,C4B0E441,23,18-35,Non-binary,Software Engineer,7027 Jennifer Drive,Cape Town,Hindi,13482937715,1985-02-07,2025-11-13 00:26:40,False,6,False,True
326,griseldamena82,sauerkarl-ludwig@example.org,e2a0086b4b3246cb,Philippine Bouvier,family,C4B0E441,13,under_18,Non-binary,Student,Klaas-Flantz-Gasse 9-9,London,Hindi,+49(0) 472118782,1986-10-10,2025-12-18 10:44:53,True,6,False,True
327,qiuli19,benjamin89@example.net,17a67e29fe706742,Hélène du Chauvet,individual,,13,under_18,Male,Student,陈街Z座,London,English,+1-502-248-7484x0733,2008-12-12,2025-10-20 05:42:59,True,6,True,True
328,tkang16,alvesmaurice@example.com,a16c3b8af922c105,Fernando Águila-Morillo,individual,,30,18-35,Prefer not to say,Software Engineer,Cuesta de Moisés Camps 47 Piso 6 ,New York,English,+34920 976 939,1980-06-14,2025-10-19 18:08:34,False,6,False,True
329,ocopraa38,john29@example.net,31e9fb47d9e72b21,权辉,family,48512881,81,55_plus,Male,Artist,9 मैती,Tokyo,Mandarin,+49(0)6981602953,1950-07-09,2025-11-20 23:07:23,True,6,False,True
330,paulina5964,bhttnaagrjyendr@example.com,2eec491699b34ef1,संमानित कमला चटर्जी,family,48512881,77,55_plus,Male,Artist,"66, chemin Dufour",Paris,Spanish,+34942 29 21 93,1987-04-28,2025-10-12 12:32:42,False,6,True,True
331,marisela1766,na75@example.com,568930944b8f32c0,厉海燕,family,48512881,59,55_plus,Non-binary,Business Owner,54/079 शीला तिवारी,Sydney,French,+34883 86 03 94,1953-10-15,2025-09-14 13:50:06,True,6,True,False
332,vsnt4582,shiilaa97@example.org,94344f3fea34f8e8,Simona Löffler,family,48512881,64,55_plus,Female,Business Owner,01 भरद्वाज,Sydney,Spanish,15507005247,1994-04-02,2025-11-07 01:56:57,True,6,False,True
333,housemary60,maria-manuelacabeza@example.org,3739ebb2f26045b7,Jafet Asenjo Velázquez,family,48512881,87,55_plus,Non-binary,Retired,Camino de Lázaro Bayona 58 Piso 8 ,London,Hindi,08293046703,1990-02-08,2026-01-12 18:27:53,True,6,True,True
334,hsenguptaa41,diallonicolas@example.net,1e4ebf1d589199ed,Michael Bowman,family,48512881,60,55_plus,Male,Business Owner,76 अरुंधती चोधरी,Mumbai,Spanish,+34902 521 875,1942-06-22,2026-01-22 08:59:38,True,6,True,True
335,aadityjoshii99,theodorhermighausen@example.org,27a0c3d08a5968a5,सम्मानात्मक विपिन कुमार,family,48512881,81,55_plus,Non-binary,Teacher,Camino Juan José Crespi 68 Piso 1 ,Paris,French,+91 903 2350595,1966-01-03,2025-10-31 15:09:30,True,6,False,True
336,eyang10,arunn10@example.org,ffbc6e3e9c688c27,Lauren Hampton,family,48512881,74,55_plus,Non-binary,Student,2594 Melissa Greens,Sydney,German,+91 950 7709195,1982-01-21,2025-12-17 23:11:08,True,6,True,True
337,ojacquot43,wlei@example.com,d9b1b2557a609586,Jill Taylor,individual,,67,55_plus,Prefer not to say,Business Owner,东莞路z座,Tokyo,Hindi,+49(0)2142 64215,1992-04-14,2025-10-25 00:48:44,True,6,True,True
338,isoelzer34,lbos@example.org,8be53e118c83fd37,Dominga Fabregat Pedraza,individual,,15,under_18,Non-binary,Student,Spießplatz 15/35,Tokyo,English,001-391-513-7533x087,1967-08-15,2025-09-05 14:02:13,True,6,True,True
339,levychristopher74,judymarshall@example.org,615bd30759cb0ee5,翁秀华,individual,,30,18-35,Male,Artist,贵阳街u座,Paris,English,(04537) 936295,1983-07-17,2025-12-07 18:52:32,True,6,True,True
340,trssnnaashrmaa36,nstriebitz@example.org,a1e58a26cdcd0971,杨霞,individual,,47,36-55,Male,Teacher,271 Frank Drives,Tokyo,French,+34708 54 22 18,2002-06-14,2025-11-13 11:44:33,True,6,True,False
341,mdhur7360,margot98@example.org,2365d5106208b775,Herr Rico Wiek,family,B208579E,23,18-35,Prefer not to say,Software Engineer,8295 महरा,New York,Spanish,03040 029212,1994-04-01,2025-12-28 00:09:25,False,6,True,True
342,lucemichaud25,bayonajenaro@example.org,77fdb9816d3f97ec,Benjamin Ortiz,family,B208579E,26,18-35,Female,Artist,3311 Leonard Vista Apt. 211,Cape Town,German,05709 430975,2007-11-06,2025-09-03 18:15:35,False,6,False,True
343,phe98,jacobssandy@example.com,cdf42e398e7b9fb6,Courtney Larson,family,B208579E,38,36-55,Male,Artist,李街s座,Tokyo,French,+49(0)9934398366,1982-06-26,2025-12-05 07:36:25,False,6,True,True
344,rmielcarek78,steven65@example.org,ce16897581e83bae,孙鑫,individual,,40,36-55,Non-binary,Student,Jochem-Schmidtke-Ring 8-7,Cape Town,Hindi,+34 972 90 99 08,1944-12-22,2025-12-26 05:41:03,True,6,True,True
345,timotheecolas82,elodielacroix@example.org,a7f562e220f86e9a,Lucy Gomes,individual,,61,55_plus,Non-binary,Homemaker,98863 Heather Orchard Apt. 144,London,French,04158 700024,1989-07-18,2025-08-27 05:39:47,True,6,True,True
346,min6936,dionisia20@example.com,21d6e69aeba530d2,सम्मानात्मक प्रभु झा,family,31041492,13,under_18,Male,Student,Aldo-Liebelt-Straße 4,Tokyo,Hindi,+34 825 17 79 14,1973-04-02,2025-10-10 06:18:22,False,6,True,True
347,snjit6493,villarbenito@example.org,5651af11e737d14a,Folkert Lehmann,family,31041492,13,under_18,Male,Student,黄街g座,Berlin,English,+91 6521846436,1978-02-25,2025-09-29 13:26:24,False,6,True,True
348,juliana3349,zginer@example.net,db643cef479ca674,Mandy Burke,family,31041492,15,under_18,Prefer not to say,Student,"39, chemin de Lemoine",Paris,Spanish,18270347071,1994-04-11,2025-10-15 04:47:58,True,6,True,True
349,leiyao79,bousquetnathalie@example.net,7120f17fd002cb4f,गुलज़ार मजूमदार,family,31041492,26,18-35,Male,Retired,chemin Pénélope Alexandre,Paris,Spanish,+34 944959872,1965-07-31,2025-12-15 10:50:17,True,6,True,True
350,caroline3670,juan45@example.net,cd3a8e2cf90ab475,Éric Descamps-Blot,family,31041492,26,18-35,Female,Software Engineer,8550 Ferguson Course Apt. 017,Mumbai,Mandarin,15182620520,1960-03-04,2025-09-14 11:26:26,True,6,True,True
351,manon1992,bhuet@example.com,2e075e6c1e3137aa,Jeanne Le Reynaud,family,31041492,13,under_18,Male,Student,081 पवार,Berlin,German,083-78555835,1960-05-06,2025-10-27 15:42:08,True,6,False,True
352,anntrony82,xsullivan@example.org,2cf1c932cc2b06ba,माननीय विजय आचार्य,family,31041492,24,18-35,Female,Teacher,Thea-Striebitz-Weg 8-9,New York,Mandarin,05147 33245,1973-05-03,2025-11-17 05:02:48,True,6,False,True
353,echetrii95,gimenezcustodio@example.net,99c36d3820a3accc,Raymond Laurent,individual,,13,under_18,Female,Student,Spießplatz 98/95,Cape Town,Spanish,13688121952,1968-06-20,2025-12-31 07:37:03,True,6,True,True
354,porfirio1436,jeffrey57@example.net,76cf715e3f083c5f,Jacques Toussaint,individual,,88,55_plus,Prefer not to say,Teacher,长春路L座,Mumbai,Mandarin,646-980-4076x233,2010-04-08,2026-01-21 16:16:16,True,6,False,True
355,bnrjiigautm15,jose-luislarrea@example.org,2f3ec69be4da71da,Sosimo Viña,family,8D23927E,58,55_plus,Male,Artist,"69, avenue de Brun",Berlin,Hindi,18713157261,1990-12-20,2025-09-26 00:09:05,True,6,True,True
356,panxiuying97,cfrancois@example.org,fdf3e68e9bb1801a,Burkhard Lübs B.Sc.,family,8D23927E,79,55_plus,Non-binary,Software Engineer,Acceso de Diego Matas 6 Puerta 1 ,Sydney,French,+33 1 49 20 68 51,1959-06-21,2025-12-17 14:20:05,True,6,False,True
357,williamadam13,smithrhonda@example.com,9f5d192a8de35667,Casemiro Tello Duran,family,8D23927E,65,55_plus,Non-binary,Teacher,"46, rue Luc Gosselin",Sydney,English,015-15288608,1977-06-03,2025-10-27 07:34:35,True,6,False,True
358,dpotier97,aurelie72@example.net,3838584a66c2c1fb,Berta Wende-Herrmann,family,8D23927E,83,55_plus,Non-binary,Teacher,"7, rue Leleu",New York,Hindi,+34874340556,1949-08-10,2025-10-23 15:57:58,True,6,False,True
359,renli23,scinmenn@example.com,b884e63e2aee47ca,王丹丹,family,8D23927E,82,55_plus,Male,Software Engineer,Pasaje de Albina Gomez 16 Apt. 71 ,Mumbai,English,18924767894,1989-05-22,2025-12-17 06:06:45,True,6,True,True
360,lrossello32,xia29@example.org,84aa313ef5e4de43,Melita Dussen van MBA.,family,8D23927E,83,55_plus,Female,Student,康街d座,Sydney,English,+34855 07 36 32,2008-08-31,2025-12-03 06:20:34,False,6,False,True
361,tomasnatividad84,pintorleonel@example.org,9ff5dd86baf44096,李萍,individual,,52,36-55,Non-binary,Software Engineer,Jolanta-Roht-Gasse 99,New York,Mandarin,13455513615,2009-02-22,2025-12-17 22:37:39,True,6,False,True
362,klaus-dieterdietz72,mhein@example.org,93fc89e96fb366f1,Lori Jenkins,individual,,27,18-35,Female,Doctor,Glorieta de Iker Aramburu 7,Tokyo,Mandarin,569-547-4918x3569,1968-05-07,2025-10-14 11:20:14,True,6,False,True
363,wolfhardcichorius90,arnfriedraedel@example.com,43d45926e2f83690,John Thompson,individual,,62,55_plus,Female,Homemaker,"793, rue Simone Gonzalez",Paris,Spanish,09307 895411,1974-10-26,2026-01-02 04:28:09,True,6,False,False
364,raanii7941,lucasoceane@example.com,a2b53d2f29703abb,Laura Myers,family,CC4B99AC,74,55_plus,Prefer not to say,Teacher,6511 Nicole Cliff Apt. 573,Berlin,Spanish,+33 (0)1 30 36 14 03,2007-10-07,2025-12-20 23:40:13,True,6,True,True
365,miguel2348,yong39@example.net,5c2c1781bc54c2f8,Soledad Vidal Cuesta,family,CC4B99AC,73,55_plus,Non-binary,Homemaker,Vial Carmelita Rubio 38 Puerta 2 ,Paris,Spanish,15196413765,2005-09-28,2025-09-22 20:12:21,True,6,False,True
366,albertnebot78,adele49@example.org,54607d35bc99574b,Agustín Egea,individual,,38,36-55,Prefer not to say,Homemaker,33807 Jones Ridge Suite 168,Berlin,Spanish,08557661252,1971-08-07,2026-01-03 16:24:54,False,6,True,True
367,hans-joergtrupp21,maaltiivenkttesn@example.org,41ae1b527e707909,माननीय दीप्ति बलासुब्रमानियम,individual,,72,55_plus,Female,Retired,"780, rue de Ledoux",Tokyo,Mandarin,18680983528,1951-05-23,2025-09-26 00:32:23,False,6,True,True
368,clemensstahr79,pguichard@example.org,58d8f2258c474de7,सिकन्दर भट्टाचार्य,individual,,50,36-55,Male,Business Owner,"505, rue de Lagarde",Berlin,English,962.620.5585,1967-02-11,2025-12-28 20:11:58,True,6,True,True
369,aduan79,xiulandong@example.org,04b867f7d28671d3,Univ.Prof. Slawomir Pergande B.Sc.,family,FB7325F3,47,36-55,Prefer not to say,Teacher,4010 शनि चक्रवर्ती,Sydney,Spanish,+91 725 5423733,1944-12-25,2025-12-05 18:56:14,False,6,True,True
370,niirvbnrjii52,juanguo@example.org,09d8d8d58cd8b8f5,Karl-Heinz Nette,family,FB7325F3,67,55_plus,Female,Teacher,江路C座,Paris,Mandarin,+33 4 94 36 36 16,1952-12-07,2025-12-15 06:15:31,True,6,False,True
371,escrivagraciana37,siitaa21@example.net,f0548055015cfadc,Nayara Rosado-Tomás,family,FB7325F3,51,36-55,Prefer not to say,Business Owner,36/3274 मालिक,Sydney,Spanish,+49(0) 325789629,1950-03-04,2025-09-21 13:32:05,True,6,False,True
372,nzhao78,jesussantiago@example.org,1e500521a3625f8f,Dr. Aurelia Scholz B.Sc.,individual,,13,under_18,Male,Student,358 रञ्जित अरोरा,Sydney,Spanish,+34983441123,1961-07-03,2025-10-06 17:37:56,True,6,False,True
373,saban0749,taylorstephens@example.org,2deb9e1df16cdfd5,असीम सेन,individual,,61,55_plus,Prefer not to say,Business Owner,15340 Fuller Bypass,Tokyo,French,08709 497997,1966-10-09,2025-11-03 04:28:35,True,6,False,False
374,anilaaaacaary28,fanglai@example.com,ee41fa03de580086,Elke Dobes B.A.,individual,,34,18-35,Non-binary,Student,Urbanización Asunción Baños 30,Sydney,German,15222810504,1964-11-23,2025-12-05 13:38:09,True,6,True,True
375,arcnaacvn44,xia18@example.net,d9fc051a9d4fef5f,顾想,individual,,88,55_plus,Prefer not to say,Teacher,永安街M座,New York,French,001-93902339,1997-10-21,2025-09-27 20:17:06,True,6,False,False
376,caldwellmichael49,lprat@example.com,6bb697ee1857d286,Roselinde Ritter,individual,,73,55_plus,Male,Doctor,"82, rue Collin",London,German,+34847726885,1947-05-22,2025-09-20 21:03:26,True,6,False,True
377,ronyabhilaassaa56,annemieradisch@example.com,8d7b105094427547,Pepita Torralba Pla,individual,,78,55_plus,Non-binary,Business Owner,Abdullah-Hahn-Straße 62/58,Cape Town,Spanish,(633)561-4702x110,1999-06-01,2025-11-22 18:56:27,True,6,False,True
378,thibaultsimon16,francoiselouis@example.org,282306a4d21f6ca1,Heinz Dieter Köster-Gieß,individual,,35,18-35,Male,Artist,"320, chemin Costa",New York,Mandarin,+34714565742,1976-07-31,2025-11-10 22:48:33,True,6,False,True
379,inga7132,johnmatthews@example.net,f98cb1d3cf777cd5,आदरवाचक प्रेम ताम्बे,individual,,19,18-35,Prefer not to say,Artist,Ronda Alfredo Oller 946,Cape Town,English,15143331866,1982-03-28,2025-09-17 20:35:56,True,6,True,True
380,volivier69,idupuis@example.com,8bfdeee5fe1e49b5,Uli Patberg,individual,,46,36-55,Male,Retired,63724 Andrade Trace,Mumbai,Hindi,06800 472719,2009-03-23,2025-12-02 22:03:32,True,6,True,True
381,rshmii5345,dheintze@example.com,0c9f0e3f4e113714,马鑫,individual,,57,55_plus,Prefer not to say,Homemaker,Cañada Adora Barbero 64 Piso 1 ,Berlin,Spanish,002-11308166,1974-04-14,2025-09-04 14:55:44,True,6,False,True
382,jingzhang99,kristina71@example.net,0b2659f4d3428279,Jessica Mckinney,individual,,40,36-55,Non-binary,Homemaker,Thorsten-Winkler-Weg 2697,Berlin,Mandarin,04 20 73 21 28,1989-12-05,2025-11-10 04:05:53,True,6,True,True
383,alexandra3891,adolfniemeier@example.net,69de20fb108b7b45,Véronique Giraud,individual,,75,55_plus,Prefer not to say,Software Engineer,838 Thomas Springs Suite 755,Paris,English,18295725351,1997-04-29,2025-11-28 13:54:32,False,6,False,True
384,nikhil0957,luisa18@example.com,02e06be9e84a5e78,Roberta Méndez Marti,individual,,72,55_plus,Male,Business Owner,28/359 रत्नम सिंह,Cape Town,English,+34 884 998 146,1967-08-05,2025-10-08 18:57:54,True,6,True,True
385,diipk0779,lauger@example.org,1edfbaeadd6043ef,Florentina López Puig,individual,,48,36-55,Prefer not to say,Homemaker,Via Maxi Vilar 6 Piso 1 ,Mumbai,Mandarin,+91 7255777116,1995-12-26,2025-12-23 23:43:36,False,6,True,True
386,dma89,amystevenson@example.net,56aa5cabfc2fbf8e,Enrique Amat Calzada,family,2C19D158,35,18-35,Male,Doctor,1120 Julie Road Suite 299,Tokyo,English,05070072818,2003-03-05,2025-08-31 02:25:25,False,6,True,True
387,dshao43,juanxu@example.org,d06ae18d9c4500a1,Robert Holder,family,2C19D158,17,under_18,Male,Student,"32, avenue de Jacob",Tokyo,French,331-373-5989x50889,1961-04-19,2025-10-01 14:04:06,False,6,False,True
388,wlambert71,blake13@example.com,80084c314c9b5b11,सीमा सरीन,family,2C19D158,13,under_18,Non-binary,Student,Natascha-Ehlert-Gasse 38/22,Cape Town,German,689.436.9484x373,2004-04-15,2025-11-13 22:00:39,False,6,True,True
389,raahul8611,hennikostolzin@example.org,64498814c0c74b16,Julien Cohen,family,2C19D158,13,under_18,Prefer not to say,Student,Therese-Roht-Straße 3/7,London,Hindi,(05391) 714742,1989-01-06,2026-01-21 22:05:22,False,6,True,True
390,laurabaron94,andrea33@example.com,558c69fe8807432e,Frauke Meister,family,2C19D158,35,18-35,Prefer not to say,Business Owner,C. de Nazario Quintero 18,Cape Town,Hindi,+34 723 305 328,2000-02-01,2025-11-02 22:51:15,True,6,False,True
391,liilaa7976,watsonhaley@example.net,2e3ae2358f320367,प्रणव पाण्डेय,family,2C19D158,23,18-35,Female,Business Owner,Säuberlichstr. 9-4,Sydney,Hindi,03 70 22 56 48,1963-02-21,2026-01-21 19:19:27,False,6,True,True
392,yanfang92,estrella73@example.net,ad7b1ef3e2a40583,Hans-Eberhard Köster,family,2C19D158,21,18-35,Male,Doctor,2/4 मोहना घोष,Berlin,Mandarin,+91 0741368966,1987-02-01,2026-01-09 21:35:16,True,6,True,True
393,querolurbano57,rachel42@example.org,453c75aef851d0d2,Ignaz Liebelt B.A.,individual,,48,36-55,Female,Student,Emilie-Hänel-Straße 681,Cape Town,French,051-67483020,2012-09-22,2025-11-09 19:58:22,True,6,True,True
394,dvillegas88,ucase@example.net,25ac6e3ebc025234,Christina Williams,individual,,25,18-35,Female,Student,67 भट्टाचार्य,Cape Town,French,13106604189,1954-02-01,2025-10-09 23:47:09,True,6,True,True
395,vidyaapttel31,muderaphael@example.com,86fbfdbda126204d,Jose Gonzales,individual,,30,18-35,Prefer not to say,Business Owner,Rambla de Leopoldo Garzón 29 Puerta 7 ,London,German,+91 045 6088603,1947-08-09,2025-10-10 07:36:14,True,6,True,True
